{"init_params": {"cat_dims": [], "cat_emb_dim": [], "cat_idxs": [], "clip_value": 1, "device_name": "cuda", "epsilon": 1e-15, "gamma": 1.5, "grouped_features": [], "input_dim": 112, "lambda_sparse": 0.0001, "mask_type": "sparsemax", "momentum": 0.02, "n_a": 16, "n_d": 16, "n_indep_decoder": 1, "n_independent": 2, "n_shared": 2, "n_shared_decoder": 1, "n_steps": 3, "optimizer_params": {"lr": 0.01}, "output_dim": 2, "scheduler_params": {"mode": "max", "patience": 20, "min_lr": 1e-06, "factor": 0.05}, "seed": 42, "verbose": 1}, "class_attrs": {"preds_mapper": {"0": 0, "1": 1}}}