,number,value,datetime_start,datetime_complete,duration,params_alpha,params_class_weight,params_eta0,params_learning_rate,params_loss,params_max_iter,params_penalty,state
0,0,0.7499215372539568,2025-04-06 12:05:44.995292,2025-04-06 12:07:44.072546,0 days 00:01:59.077254,0.11668804057750046,,0.001448239163660008,adaptive,modified_huber,1113,l2,COMPLETE
1,1,,2025-04-06 12:07:44.092548,2025-04-06 12:08:20.477826,0 days 00:00:36.385278,0.0002950564215425659,,0.0661782125250884,invscaling,modified_huber,1264,l2,FAIL
2,2,0.6394475460750847,2025-04-06 12:09:34.811934,2025-04-06 12:11:56.972572,0 days 00:02:22.160638,1.3194635113544997e-05,balanced,,optimal,modified_huber,1393,l2,COMPLETE
3,3,0.7376082487870776,2025-04-06 12:11:56.985968,2025-04-06 12:13:51.193711,0 days 00:01:54.207743,0.00012595846612935822,balanced,,optimal,log_loss,2219,elasticnet,COMPLETE
4,4,0.7489459079638969,2025-04-06 12:13:51.206709,2025-04-06 12:15:18.769020,0 days 00:01:27.562311,0.023606991544913497,,0.00231613732259894,invscaling,modified_huber,2852,l2,COMPLETE
5,5,0.7245970950960378,2025-04-06 12:15:18.783018,2025-04-06 12:16:47.341602,0 days 00:01:28.558584,0.47182218396944847,,0.013531029296720886,invscaling,log_loss,2561,elasticnet,COMPLETE
6,6,0.7445703933370557,2025-04-06 12:16:47.352603,2025-04-06 12:18:37.367814,0 days 00:01:50.015211,0.0017796271979964172,balanced,,optimal,modified_huber,2286,elasticnet,COMPLETE
7,7,0.7510434357355721,2025-04-06 12:18:37.380065,2025-04-06 12:20:19.789633,0 days 00:01:42.409568,0.0018635576379315922,balanced,0.009872157613835001,adaptive,log_loss,1212,l2,COMPLETE
8,8,0.7273648732219746,2025-04-06 12:20:19.803632,2025-04-06 12:21:48.312752,0 days 00:01:28.509120,0.8041930484727663,,0.01514343131479731,invscaling,modified_huber,2387,elasticnet,COMPLETE
9,9,0.7505560836577037,2025-04-06 12:21:48.326750,2025-04-06 12:24:01.716920,0 days 00:02:13.390170,0.000747936223338167,balanced,0.03847654820636811,adaptive,modified_huber,2352,elasticnet,COMPLETE
10,10,0.7495957519256876,2025-04-06 12:24:01.731920,2025-04-06 12:25:49.401812,0 days 00:01:47.669892,0.03259521077562179,balanced,0.13096375873279897,adaptive,log_loss,596,l2,COMPLETE
11,11,0.7445070789697552,2025-04-06 12:25:49.414813,2025-04-06 12:27:22.311422,0 days 00:01:32.896609,0.00015895223355387746,balanced,0.0002905993942856116,constant,log_loss,1508,l2,COMPLETE
12,12,0.7512632837209734,2025-04-06 12:27:22.324427,2025-04-06 12:29:34.482950,0 days 00:02:12.158523,0.0017114892325407766,balanced,0.13704194465032143,adaptive,log_loss,1880,elasticnet,COMPLETE
13,13,0.7501402162970728,2025-04-06 12:29:34.495950,2025-04-06 12:31:48.483942,0 days 00:02:13.987992,0.006514970211643728,balanced,0.4869839980216189,adaptive,log_loss,1834,elasticnet,COMPLETE
14,14,0.7504727670179795,2025-04-06 12:31:48.498358,2025-04-06 12:33:44.929258,0 days 00:01:56.430900,0.0002533712610756148,balanced,0.08577896829070862,adaptive,log_loss,907,l2,COMPLETE
15,15,0.6451194466418704,2025-04-06 12:33:44.942964,2025-04-06 12:35:24.475806,0 days 00:01:39.532842,0.006109300376949593,balanced,0.41016164894870777,constant,log_loss,1834,elasticnet,COMPLETE
16,16,0.7495822734644959,2025-04-06 12:35:24.489807,2025-04-06 12:37:15.202661,0 days 00:01:50.712854,1.7159614130671728e-05,balanced,0.0034585650588989476,adaptive,log_loss,1478,l2,COMPLETE
17,17,0.750945479485319,2025-04-06 12:37:15.217661,2025-04-06 12:38:55.312546,0 days 00:01:40.094885,0.00105086872884329,balanced,0.000491973796064327,adaptive,log_loss,1064,l2,COMPLETE
18,18,0.7474684528639164,2025-04-06 12:38:55.326544,2025-04-06 12:40:57.025189,0 days 00:02:01.698645,0.019747262918669073,balanced,0.04349702508231712,adaptive,log_loss,1967,elasticnet,COMPLETE
19,19,0.6640918219083252,2025-04-06 12:40:57.037190,2025-04-06 12:42:31.746862,0 days 00:01:34.709672,6.363748840809569e-05,,0.006448690009809404,constant,log_loss,652,l2,COMPLETE
20,20,0.7511383471694908,2025-04-06 12:42:31.761863,2025-04-06 12:44:16.979046,0 days 00:01:45.217183,0.0006287812480971499,balanced,0.00011136461278460222,adaptive,log_loss,1297,elasticnet,COMPLETE
21,21,0.7511199413382457,2025-04-06 12:44:16.994045,2025-04-06 12:45:52.700328,0 days 00:01:35.706283,0.0006882622226924029,balanced,0.0001061646283391827,adaptive,log_loss,1672,elasticnet,COMPLETE
22,22,0.7511564323765663,2025-04-06 12:45:52.718646,2025-04-06 12:47:29.654770,0 days 00:01:36.936124,0.0006240169177139394,balanced,0.00012238530842314531,adaptive,log_loss,1614,elasticnet,COMPLETE
23,23,0.7510876306601938,2025-04-06 12:47:29.668769,2025-04-06 12:49:07.102504,0 days 00:01:37.433735,0.0004218541689854331,balanced,0.00011350628791492532,adaptive,log_loss,2040,elasticnet,COMPLETE
24,24,0.7503408079065563,2025-04-06 12:49:07.116501,2025-04-06 12:50:53.991931,0 days 00:01:46.875430,5.069517088128661e-05,balanced,0.0007770892248005367,adaptive,log_loss,1619,elasticnet,COMPLETE
25,25,0.750875709216767,2025-04-06 12:50:54.005930,2025-04-06 12:52:35.349848,0 days 00:01:41.343918,0.003655404780345619,balanced,0.0002607802095060289,adaptive,log_loss,1320,elasticnet,COMPLETE
26,26,0.7499763272487995,2025-04-06 12:52:35.361947,2025-04-06 12:54:15.000963,0 days 00:01:39.639016,0.007368460119953776,balanced,0.0002590659551338582,adaptive,log_loss,888,elasticnet,COMPLETE
27,27,0.7362330683441367,2025-04-06 12:54:15.014964,2025-04-06 12:55:48.251856,0 days 00:01:33.236892,0.0003135632088955074,,0.0011951502728142747,constant,log_loss,1982,elasticnet,COMPLETE
28,28,0.7338059968164247,2025-04-06 12:55:48.265109,2025-04-06 12:57:59.493552,0 days 00:02:11.228443,5.7039988845158236e-05,balanced,,optimal,log_loss,1712,elasticnet,COMPLETE
29,29,0.7495189936088247,2025-04-06 12:57:59.511481,2025-04-06 12:59:31.495786,0 days 00:01:31.984305,0.0016131314269399303,balanced,0.20364919396271322,invscaling,log_loss,1304,elasticnet,COMPLETE
30,30,0.7465322848388609,2025-04-06 12:59:31.507770,2025-04-06 13:01:08.877608,0 days 00:01:37.369838,0.07261294112468318,,0.00012080576815977229,adaptive,modified_huber,1048,elasticnet,COMPLETE
31,31,0.7509389144827875,2025-04-06 13:01:08.891768,2025-04-06 13:02:54.366694,0 days 00:01:45.474926,0.0033172736644694013,balanced,0.0005719717699758682,adaptive,log_loss,1571,elasticnet,COMPLETE
32,32,0.751145857345356,2025-04-06 13:02:54.379460,2025-04-06 13:04:31.788568,0 days 00:01:37.409108,0.0006197393731834347,balanced,0.00011736858536986795,adaptive,log_loss,1720,elasticnet,COMPLETE
33,33,0.751139838962503,2025-04-06 13:04:31.799777,2025-04-06 13:06:11.560724,0 days 00:01:39.760947,0.0005109429780210642,balanced,0.00019170060015500265,adaptive,log_loss,2151,elasticnet,COMPLETE
34,34,0.7508637737593921,2025-04-06 13:06:11.572726,2025-04-06 13:07:51.869230,0 days 00:01:40.296504,0.0001383967558821778,balanced,0.00022799644886156787,adaptive,log_loss,2601,elasticnet,COMPLETE
35,35,0.7204708023043169,2025-04-06 13:07:51.882025,2025-04-06 13:10:16.710008,0 days 00:02:24.827983,0.0002490396620916331,balanced,,optimal,modified_huber,2084,elasticnet,COMPLETE
36,36,0.7512865200670542,2025-04-06 13:10:16.724007,2025-04-06 13:12:00.065677,0 days 00:01:43.341670,0.0011722951119440112,balanced,0.0003964225018806464,adaptive,log_loss,1841,elasticnet,COMPLETE
37,37,0.7441485142732418,2025-04-06 13:12:00.078637,2025-04-06 13:13:46.013071,0 days 00:01:45.934434,0.01268040262343955,,0.00048275328580704637,invscaling,log_loss,1796,elasticnet,COMPLETE
38,38,0.7401480586752027,2025-04-06 13:13:46.026874,2025-04-06 13:15:39.505198,0 days 00:01:53.478324,0.0013312059068582675,balanced,,optimal,modified_huber,1864,elasticnet,COMPLETE
39,39,0.7511585119805563,2025-04-06 13:15:39.517395,2025-04-06 13:17:27.661713,0 days 00:01:48.144318,0.0024541666780662974,balanced,0.002278730310527442,adaptive,log_loss,1456,elasticnet,COMPLETE
40,40,0.7503541984187574,2025-04-06 13:17:27.673383,2025-04-06 13:19:12.920459,0 days 00:01:45.247076,0.0030394402743083504,,0.0026631570299221036,adaptive,log_loss,1426,elasticnet,COMPLETE
41,41,0.7500697034718498,2025-04-06 13:19:12.932580,2025-04-06 13:20:41.608877,0 days 00:01:28.676297,0.002438370761533426,balanced,0.001688574687277537,invscaling,modified_huber,2916,elasticnet,COMPLETE
42,42,0.751271185770824,2025-04-06 13:20:41.622248,2025-04-06 13:22:28.628464,0 days 00:01:47.006216,0.0009850159244082413,balanced,0.000812298224682417,adaptive,log_loss,1684,elasticnet,COMPLETE
43,43,0.7513232081556457,2025-04-06 13:22:28.641464,2025-04-06 13:24:17.555109,0 days 00:01:48.913645,0.0010513917362517443,balanced,0.0011127886540906505,adaptive,log_loss,1910,elasticnet,COMPLETE
44,44,0.7513314653412954,2025-04-06 13:24:17.568109,2025-04-06 13:26:14.024583,0 days 00:01:56.456474,0.0012743143128009645,balanced,0.004289064566392123,adaptive,log_loss,1886,elasticnet,COMPLETE
45,45,0.7506492127329565,2025-04-06 13:26:14.037582,2025-04-06 13:28:06.203663,0 days 00:01:52.166081,0.004932411802969088,balanced,0.005109338348691402,adaptive,log_loss,2248,elasticnet,COMPLETE
46,46,0.7512818498643037,2025-04-06 13:28:06.215417,2025-04-06 13:29:55.181272,0 days 00:01:48.965855,0.0010368490463259579,balanced,0.000938122822842501,adaptive,log_loss,1920,elasticnet,COMPLETE
47,47,0.7512836689611555,2025-04-06 13:29:55.194005,2025-04-06 13:31:41.947089,0 days 00:01:46.753084,0.0010375816453965286,balanced,0.0010543606176974594,adaptive,log_loss,2450,elasticnet,COMPLETE
48,48,0.7371673649482569,2025-04-06 13:31:41.960990,2025-04-06 13:33:16.177678,0 days 00:01:34.216688,0.0011589536214161303,balanced,0.0012643674265808654,constant,log_loss,2569,elasticnet,COMPLETE
49,49,0.7487144829967548,2025-04-06 13:33:16.189676,2025-04-06 13:34:48.595002,0 days 00:01:32.405326,0.013484264067192817,balanced,,optimal,modified_huber,2745,l2,COMPLETE
50,50,0.7506968398947846,2025-04-06 13:34:48.609002,2025-04-06 13:36:43.695068,0 days 00:01:55.086066,0.00022741225169416589,balanced,0.0041803473262862715,adaptive,log_loss,2399,elasticnet,COMPLETE
51,51,0.7502237644986972,2025-04-06 13:36:43.708913,2025-04-06 13:38:27.912365,0 days 00:01:44.203452,0.00010354485858048994,,0.0008826613809699629,adaptive,log_loss,2175,elasticnet,COMPLETE
52,52,0.7524311472398143,2025-04-07 09:35:53.112726,2025-04-07 09:36:43.325534,0 days 00:00:50.212808,0.0010596086163426612,balanced,0.012675643528600013,adaptive,log_loss,1935,elasticnet,COMPLETE
53,53,0.7519438274470187,2025-04-07 09:36:43.339385,2025-04-07 09:37:47.831213,0 days 00:01:04.491828,0.0003639478433364768,balanced,0.02325094611887763,adaptive,log_loss,1933,elasticnet,COMPLETE
54,54,0.7519367536762734,2025-04-07 09:37:47.848649,2025-04-07 09:38:39.788273,0 days 00:00:51.939624,0.00040956780998422916,balanced,0.013170307994531607,adaptive,log_loss,2445,elasticnet,COMPLETE
55,55,0.7513029977001673,2025-04-07 09:38:39.800319,2025-04-07 09:39:04.861338,0 days 00:00:25.061019,0.000368536080752077,balanced,0.014155526163084417,adaptive,log_loss,2297,l2,COMPLETE
56,56,0.7512294678905693,2025-04-07 09:39:04.873643,2025-04-07 09:39:29.811947,0 days 00:00:24.938304,0.00038593303306073994,balanced,0.014719831602452223,adaptive,log_loss,2316,l2,COMPLETE
57,57,0.7502841643032323,2025-04-07 09:39:29.824475,2025-04-07 09:39:40.604651,0 days 00:00:10.780176,0.0001826858341134992,balanced,0.027700292246617842,invscaling,log_loss,2084,l2,COMPLETE
58,58,0.7503660114155118,2025-04-07 09:39:40.618610,2025-04-07 09:40:05.377946,0 days 00:00:24.759336,0.00010719443964975786,balanced,0.008655122872403618,adaptive,log_loss,2645,l2,COMPLETE
59,59,0.606591418400581,2025-04-07 09:40:05.391828,2025-04-07 09:40:16.429639,0 days 00:00:11.037811,3.342576731022329e-05,balanced,0.021571880883937685,constant,log_loss,2469,l2,COMPLETE
60,60,0.751213762872643,2025-04-07 09:40:16.442597,2025-04-07 09:40:41.830164,0 days 00:00:25.387567,0.00034145486527114845,balanced,0.0113409890569636,adaptive,log_loss,2219,l2,COMPLETE
61,61,0.7437610355109749,2025-04-07 09:40:41.842676,2025-04-07 09:41:04.163653,0 days 00:00:22.320977,0.4235338179198925,balanced,0.01966125618296313,adaptive,log_loss,1993,l2,COMPLETE
62,62,0.7522176182224254,2025-04-07 09:41:04.176492,2025-04-07 09:41:55.454989,0 days 00:00:51.278497,0.001754427316610674,balanced,0.03324154643236755,adaptive,log_loss,1782,elasticnet,COMPLETE
63,63,0.7522016872089904,2025-04-07 09:41:55.467780,2025-04-07 09:42:37.356858,0 days 00:00:41.889078,0.0020657473868607693,balanced,0.050802056772036155,adaptive,log_loss,1929,elasticnet,COMPLETE
64,64,0.7522283680383391,2025-04-07 09:42:37.370859,2025-04-07 09:43:23.761203,0 days 00:00:46.390344,0.0019955692069499116,balanced,0.04971913274804261,adaptive,log_loss,1773,elasticnet,COMPLETE
65,65,0.7522782273232933,2025-04-07 09:43:23.773132,2025-04-07 09:44:06.890434,0 days 00:00:43.117302,0.001965673591114322,balanced,0.057705685031000306,adaptive,log_loss,1547,elasticnet,COMPLETE
66,66,0.7521944943174599,2025-04-07 09:44:06.902043,2025-04-07 09:44:52.336488,0 days 00:00:45.434445,0.0019167179740036018,balanced,0.05662663007329624,adaptive,log_loss,1557,elasticnet,COMPLETE
67,67,0.7513684295229222,2025-04-07 09:44:52.350489,2025-04-07 09:45:28.669989,0 days 00:00:36.319500,0.005109012299106216,balanced,0.056150226928280325,adaptive,log_loss,1540,elasticnet,COMPLETE
68,68,0.750311290443928,2025-04-07 09:45:28.682989,2025-04-07 09:46:03.691165,0 days 00:00:35.008176,0.008530805078371007,balanced,0.05853942877083678,adaptive,log_loss,1763,elasticnet,COMPLETE
69,69,0.7513164060248221,2025-04-07 09:46:03.704166,2025-04-07 09:46:40.110780,0 days 00:00:36.406614,0.0019509351846760878,,0.09273996974971077,adaptive,modified_huber,1665,elasticnet,COMPLETE
70,70,0.7501631798899533,2025-04-07 09:46:40.122777,2025-04-07 09:46:54.720103,0 days 00:00:14.597326,0.004021932245163204,balanced,,optimal,log_loss,1186,elasticnet,COMPLETE
71,71,0.6629024108866868,2025-04-07 09:46:54.750725,2025-04-07 09:47:17.625080,0 days 00:00:22.874355,0.0018971559159447397,balanced,0.03456213810359213,constant,log_loss,1600,elasticnet,COMPLETE
72,72,0.7522540981279623,2025-04-07 09:47:17.637079,2025-04-07 09:48:07.061372,0 days 00:00:49.424293,0.0007335312440461283,balanced,0.07674200145305135,adaptive,log_loss,1783,elasticnet,COMPLETE
73,73,0.7522523313551935,2025-04-07 09:48:07.075951,2025-04-07 09:48:56.795363,0 days 00:00:49.719412,0.0007385495276643362,balanced,0.09203933906545024,adaptive,log_loss,1774,elasticnet,COMPLETE
74,74,0.7522396911926121,2025-04-07 09:48:56.808401,2025-04-07 09:49:49.838258,0 days 00:00:53.029857,0.0008295160412892639,balanced,0.1859740476485017,adaptive,log_loss,1359,elasticnet,COMPLETE
75,75,0.7522080629541994,2025-04-07 09:49:49.851351,2025-04-07 09:50:42.226906,0 days 00:00:52.375555,0.0007806248048724063,balanced,0.19267813771365921,adaptive,log_loss,1382,elasticnet,COMPLETE
76,76,0.752119537284995,2025-04-07 09:50:42.238021,2025-04-07 09:51:35.450510,0 days 00:00:53.212489,0.0006528118265593162,balanced,0.2225475040930855,adaptive,log_loss,1371,elasticnet,COMPLETE
77,77,0.7522121141741778,2025-04-07 09:51:35.462850,2025-04-07 09:52:31.921118,0 days 00:00:56.458268,0.0005263098269967379,balanced,0.13381624920258162,adaptive,log_loss,1191,elasticnet,COMPLETE
78,78,0.7503373433842777,2025-04-07 09:52:31.935046,2025-04-07 09:52:47.331268,0 days 00:00:15.396222,0.0008225847830500305,balanced,0.09463379958028356,invscaling,log_loss,1202,elasticnet,COMPLETE
79,79,0.7522863475757038,2025-04-07 09:52:47.343322,2025-04-07 09:53:36.353834,0 days 00:00:49.010512,0.0015487753246054314,balanced,0.12627742985922152,adaptive,log_loss,1061,elasticnet,COMPLETE
80,80,0.7495842061157413,2025-04-07 09:53:36.365596,2025-04-07 09:54:15.442213,0 days 00:00:39.076617,0.0030125717354144636,,0.4005259374147009,adaptive,log_loss,969,elasticnet,COMPLETE
81,81,0.7517489914866934,2025-04-07 09:54:15.453424,2025-04-07 09:55:02.671859,0 days 00:00:47.218435,0.0014795223189784789,balanced,0.07640420985167996,adaptive,modified_huber,1803,elasticnet,COMPLETE
82,82,0.7522646286280378,2025-04-07 09:55:02.684589,2025-04-07 09:55:55.142025,0 days 00:00:52.457436,0.000573880946071897,balanced,0.12652233696904466,adaptive,log_loss,772,elasticnet,COMPLETE
83,83,0.7521839348721467,2025-04-07 09:55:55.156587,2025-04-07 09:56:47.216055,0 days 00:00:52.059468,0.0005191395990913654,balanced,0.16534886114990052,adaptive,log_loss,719,elasticnet,COMPLETE
84,84,0.7519569207138954,2025-04-07 09:56:47.228550,2025-04-07 09:57:35.281863,0 days 00:00:48.053313,0.00269918373927327,balanced,0.26627908671401296,adaptive,log_loss,878,elasticnet,COMPLETE
85,85,0.7522966120022497,2025-04-07 09:57:35.294054,2025-04-07 09:58:23.835563,0 days 00:00:48.541509,0.0008071069978283727,balanced,0.0744779454757898,adaptive,log_loss,548,elasticnet,COMPLETE
86,86,0.7522053699338292,2025-04-07 09:58:23.849618,2025-04-07 09:59:15.320162,0 days 00:00:51.470544,0.0007688369923028017,balanced,0.10190728723365422,adaptive,log_loss,568,elasticnet,COMPLETE
87,87,0.7517165182700001,2025-04-07 09:59:15.333725,2025-04-07 10:00:18.187443,0 days 00:01:02.853718,0.00020972177522658785,balanced,0.11558062274453734,adaptive,log_loss,749,elasticnet,COMPLETE
88,88,0.7518706282810956,2025-04-07 10:00:18.200948,2025-04-07 10:01:25.932003,0 days 00:01:07.731055,0.0002841425640835609,balanced,0.07171241697114554,adaptive,log_loss,510,elasticnet,COMPLETE
89,89,0.7408221108750886,2025-04-07 10:01:25.944992,2025-04-07 10:01:51.976347,0 days 00:00:26.031355,0.0005112016923455196,balanced,,optimal,log_loss,797,elasticnet,COMPLETE
90,90,0.7521808399582859,2025-04-07 10:01:51.987562,2025-04-07 10:02:39.279953,0 days 00:00:47.292391,0.0013856468622621377,balanced,0.1554068605053944,adaptive,log_loss,1121,elasticnet,COMPLETE
91,91,0.7513976074356485,2025-04-07 10:02:39.292417,2025-04-07 10:03:26.497817,0 days 00:00:47.205400,0.004638059535516962,balanced,0.2606146245002562,adaptive,log_loss,631,elasticnet,COMPLETE
92,92,0.7522275052476045,2025-04-07 10:03:26.509821,2025-04-07 10:04:10.536510,0 days 00:00:44.026689,0.0009076505790211655,balanced,0.03844157602928826,adaptive,log_loss,1743,elasticnet,COMPLETE
93,93,0.7523030779230064,2025-04-07 10:04:10.551002,2025-04-07 10:04:57.728171,0 days 00:00:47.177169,0.0006975238072374801,balanced,0.03994517208693341,adaptive,log_loss,1503,elasticnet,COMPLETE
94,94,0.7523025635884009,2025-04-07 10:04:57.740825,2025-04-07 10:05:39.057660,0 days 00:00:41.316835,0.0007082180189849217,balanced,0.07726120300559923,adaptive,log_loss,1500,elasticnet,COMPLETE
95,95,0.7522823297540766,2025-04-07 10:05:39.069519,2025-04-07 10:06:29.424062,0 days 00:00:50.354543,0.0006259143120367781,balanced,0.06882562386560906,adaptive,log_loss,1491,elasticnet,COMPLETE
96,96,0.7521689946764587,2025-04-07 10:06:29.437454,2025-04-07 10:07:21.537836,0 days 00:00:52.100382,0.00045219453558966924,balanced,0.06795508017170626,adaptive,log_loss,1518,elasticnet,COMPLETE
97,97,0.6224733306930823,2025-04-07 10:07:21.549757,2025-04-07 10:07:47.391654,0 days 00:00:25.841897,0.0006499841365085092,balanced,0.11167013425769329,constant,log_loss,1480,elasticnet,COMPLETE
98,98,0.7376456504871027,2025-04-07 10:07:47.403749,2025-04-07 10:08:13.058599,0 days 00:00:25.654850,0.0013201378110444947,,0.0841016596218907,invscaling,modified_huber,1640,elasticnet,COMPLETE
99,99,0.7513949645128049,2025-04-07 10:08:13.075902,2025-04-07 10:09:05.334988,0 days 00:00:52.259086,0.00014454007022238555,balanced,0.04321646286316089,adaptive,log_loss,1249,elasticnet,COMPLETE
100,100,0.7519300261351003,2025-04-07 10:09:05.346458,2025-04-07 10:10:01.352907,0 days 00:00:56.006449,0.0002889334063703188,balanced,0.0649370700877543,adaptive,log_loss,1444,elasticnet,COMPLETE
101,101,0.7522369002037456,2025-04-07 10:10:01.365604,2025-04-07 10:10:51.094140,0 days 00:00:49.728536,0.0005877067073044799,balanced,0.12226405493833593,adaptive,log_loss,1021,elasticnet,COMPLETE
102,102,0.75211953394516,2025-04-07 13:16:27.442625,2025-04-07 13:17:24.274901,0 days 00:00:56.832276,0.0008841786885580448,balanced,0.14921582951535878,adaptive,log_loss,1310,elasticnet,COMPLETE
103,103,0.7523577777423014,2025-04-07 13:17:24.290452,2025-04-07 13:18:15.688381,0 days 00:00:51.397929,0.0007855707340085625,balanced,0.084095485354812,adaptive,log_loss,1366,elasticnet,COMPLETE
104,104,0.7522459322311388,2025-04-07 13:18:15.700380,2025-04-07 13:19:09.961499,0 days 00:00:54.261119,0.0015221701770255255,balanced,0.08409252936057302,adaptive,log_loss,1701,elasticnet,COMPLETE
105,105,,2025-04-07 13:19:09.975499,2025-04-07 13:19:54.121660,0 days 00:00:44.146161,0.00044104412035249845,balanced,0.028357161480274166,adaptive,log_loss,839,elasticnet,FAIL
106,106,0.7523581295382653,2025-04-07 13:20:42.669004,2025-04-07 13:21:26.982225,0 days 00:00:44.313221,0.0011337402041035655,balanced,0.02641694524105967,adaptive,log_loss,1598,elasticnet,COMPLETE
107,107,0.7521721185355571,2025-04-07 13:21:26.994897,2025-04-07 13:22:14.644210,0 days 00:00:47.649313,0.0024229760531450195,balanced,0.02801684268958805,adaptive,log_loss,1589,elasticnet,COMPLETE
108,108,0.7522863587084876,2025-04-07 13:22:14.656277,2025-04-07 13:23:04.360521,0 days 00:00:49.704244,0.0011704262425842945,balanced,0.046181107617411336,adaptive,log_loss,1408,elasticnet,COMPLETE
109,109,0.7522616194366112,2025-04-07 13:23:04.372159,2025-04-07 13:23:54.797364,0 days 00:00:50.425205,0.0011199327974321556,balanced,0.028230096043614695,adaptive,log_loss,1114,elasticnet,COMPLETE
110,110,0.7521111988300244,2025-04-07 13:23:54.810323,2025-04-07 13:24:46.300943,0 days 00:00:51.490620,0.00044198851932719175,balanced,0.043228554387405575,adaptive,log_loss,1417,elasticnet,COMPLETE
111,111,0.7475587052278684,2025-04-07 13:24:46.313487,2025-04-07 13:25:12.385516,0 days 00:00:26.072029,0.001088172328790125,balanced,,optimal,log_loss,1271,elasticnet,COMPLETE
112,112,,2025-04-07 13:25:12.398513,2025-04-07 13:25:32.357593,0 days 00:00:19.959080,0.0013576160832513358,balanced,0.01756843734953292,adaptive,log_loss,1492,elasticnet,FAIL
113,113,0.7523107183524406,2025-04-07 13:26:22.676446,2025-04-07 13:27:10.383770,0 days 00:00:47.707324,0.0015600765340391047,balanced,0.016228270436067786,adaptive,log_loss,1476,elasticnet,COMPLETE
114,114,,2025-04-07 13:27:10.399778,2025-04-07 13:27:33.044991,0 days 00:00:22.645213,0.003429784732208188,balanced,0.007431425067775244,adaptive,log_loss,1494,elasticnet,FAIL
115,115,0.7522857263663749,2025-04-07 13:28:00.588271,2025-04-07 13:28:50.860897,0 days 00:00:50.272626,0.001446710194970136,balanced,0.018044998430395955,adaptive,log_loss,1505,elasticnet,COMPLETE
116,116,0.7523085786314189,2025-04-07 13:28:50.874308,2025-04-07 13:29:41.931129,0 days 00:00:51.056821,0.0015466048998308652,balanced,0.01755864117022955,adaptive,log_loss,1515,elasticnet,COMPLETE
117,117,0.7522825167848423,2025-04-07 13:29:41.944128,2025-04-07 13:30:34.168531,0 days 00:00:52.224403,0.0015942232168327576,balanced,0.01761134795494671,adaptive,log_loss,1490,elasticnet,COMPLETE
118,118,0.7521286850933385,2025-04-07 13:30:34.183047,2025-04-07 13:31:28.685328,0 days 00:00:54.502281,0.002440653022958481,balanced,0.016723585827945007,adaptive,log_loss,1350,elasticnet,COMPLETE
119,119,0.7518979125073196,2025-04-07 13:31:28.699760,2025-04-07 13:32:12.879272,0 days 00:00:44.179512,0.0032642194142033813,balanced,0.008387547594598727,adaptive,log_loss,1438,elasticnet,COMPLETE
120,120,0.7522982963924194,2025-04-07 13:32:12.894235,2025-04-07 13:33:04.551173,0 days 00:00:51.656938,0.0016097104179183994,balanced,0.011273731856165422,adaptive,log_loss,1634,elasticnet,COMPLETE
121,121,0.578566349954557,2025-04-07 13:33:04.564483,2025-04-07 13:33:21.283775,0 days 00:00:16.719292,0.0012131672757543126,,0.011534187553741674,constant,modified_huber,1633,elasticnet,COMPLETE
122,122,0.7517683424912724,2025-04-07 13:33:21.296495,2025-04-07 13:34:06.523135,0 days 00:00:45.226640,0.0039054655988249374,balanced,0.007625037808076913,adaptive,log_loss,1583,elasticnet,COMPLETE
123,123,0.7514783624218497,2025-04-07 13:34:06.536262,2025-04-07 13:34:24.004493,0 days 00:00:17.468231,0.0015416766830992816,balanced,0.024226665356667273,invscaling,log_loss,1410,elasticnet,COMPLETE
124,124,0.7523000453527342,2025-04-07 13:34:24.029957,2025-04-07 13:35:14.575034,0 days 00:00:50.545077,0.0009981913470418526,balanced,0.012592562864502487,adaptive,log_loss,1521,elasticnet,COMPLETE
125,125,0.752367493322612,2025-04-07 13:35:14.587483,2025-04-07 13:36:13.249631,0 days 00:00:58.662148,0.0009067546248286834,balanced,0.010118431746217555,adaptive,log_loss,1545,elasticnet,COMPLETE
126,126,0.7522958705588572,2025-04-07 13:36:13.263140,2025-04-07 13:37:04.918572,0 days 00:00:51.655432,0.000978233082567346,balanced,0.006478539682139557,adaptive,log_loss,1613,elasticnet,COMPLETE
127,127,0.7523556447009497,2025-04-07 13:37:04.932384,2025-04-07 13:37:51.472114,0 days 00:00:46.539730,0.0009218069845747519,balanced,0.01014581772520633,adaptive,log_loss,1672,elasticnet,COMPLETE
128,128,0.7524032674096641,2025-04-07 13:37:51.486116,2025-04-07 13:38:41.783026,0 days 00:00:50.296910,0.0010932639549565536,balanced,0.006555529242166108,adaptive,log_loss,1677,elasticnet,COMPLETE
129,129,0.7522498988419611,2025-04-07 13:38:41.796610,2025-04-07 13:39:38.005409,0 days 00:00:56.208799,0.0008811219748184701,balanced,0.010748664974687577,adaptive,log_loss,1679,elasticnet,COMPLETE
130,130,0.7521696659833143,2025-04-07 13:39:38.018916,2025-04-07 13:40:24.597921,0 days 00:00:46.579005,0.0023104034689546303,balanced,0.013087057380410655,adaptive,log_loss,1546,elasticnet,COMPLETE
131,131,0.7522641866565261,2025-04-07 13:40:24.611172,2025-04-07 13:41:13.453310,0 days 00:00:48.842138,0.0007500112233604182,balanced,0.005670547767284645,adaptive,log_loss,1835,elasticnet,COMPLETE
132,132,0.7521362921244217,2025-04-07 13:41:13.465108,2025-04-07 13:42:11.583828,0 days 00:00:58.118720,0.00047316715525331306,balanced,0.009563703076634936,adaptive,log_loss,1711,elasticnet,COMPLETE
133,133,0.7523107261453893,2025-04-07 13:42:11.596219,2025-04-07 13:43:01.297811,0 days 00:00:49.701592,0.0010040405532866518,balanced,0.015331049949711819,adaptive,log_loss,1632,elasticnet,COMPLETE
134,134,0.7518083292236662,2025-04-07 13:43:01.310033,2025-04-07 13:44:07.242873,0 days 00:01:05.932840,0.0003462915678216166,balanced,0.015635308595003672,adaptive,log_loss,1569,elasticnet,COMPLETE
135,135,0.7523631281581341,2025-04-07 13:58:26.845439,2025-04-07 13:59:20.168959,0 days 00:00:53.323520,0.0009566566215988224,balanced,0.012504813450826296,adaptive,log_loss,1663,elasticnet,COMPLETE
136,136,0.752334069366193,2025-04-07 13:59:20.181963,2025-04-07 14:00:08.458995,0 days 00:00:48.277032,0.0010615264269681875,balanced,0.01200615545847592,adaptive,log_loss,1657,elasticnet,COMPLETE
137,137,0.7523676135566756,2025-04-07 14:00:08.471544,2025-04-07 14:00:59.743474,0 days 00:00:51.271930,0.0009678420859490772,balanced,0.020979531244246036,adaptive,log_loss,1674,elasticnet,COMPLETE
138,138,0.7524510482039067,2025-04-07 14:00:59.754984,2025-04-07 14:01:48.283457,0 days 00:00:48.528473,0.0012153669823511818,balanced,0.02123148730450329,adaptive,log_loss,1712,elasticnet,COMPLETE
139,139,0.7523404005802674,2025-04-07 14:01:48.296261,2025-04-07 14:02:36.482113,0 days 00:00:48.185852,0.0011233333192578292,balanced,0.009373534876474066,adaptive,log_loss,1732,elasticnet,COMPLETE
140,140,0.7522804316144605,2025-04-07 14:02:36.496994,2025-04-07 14:03:28.588571,0 days 00:00:52.091577,0.0012271841985949928,balanced,0.020413891482337198,adaptive,log_loss,1731,elasticnet,COMPLETE
141,141,0.7519786841926963,2025-04-07 14:03:28.611839,2025-04-07 14:03:57.418182,0 days 00:00:28.806343,0.0020096979786341077,balanced,0.009684848658245883,adaptive,log_loss,1872,l2,COMPLETE
142,142,0.7502271755836144,2025-04-07 14:03:57.430432,2025-04-07 14:04:29.259003,0 days 00:00:31.828571,0.0010907934879404882,,,optimal,log_loss,1665,elasticnet,COMPLETE
143,143,0.7521988516889891,2025-04-07 14:04:29.271295,2025-04-07 14:05:21.802375,0 days 00:00:52.531080,0.0031020364076466927,balanced,0.004087680230841034,adaptive,modified_huber,1829,elasticnet,COMPLETE
144,144,0.752345167638236,2025-04-07 14:05:21.816374,2025-04-07 14:06:09.461001,0 days 00:00:47.644627,0.0013086960087414765,balanced,0.008050029868712255,adaptive,log_loss,1993,elasticnet,COMPLETE
145,145,0.7522632348035222,2025-04-07 14:06:09.474442,2025-04-07 14:07:03.322374,0 days 00:00:53.847932,0.0009541074815306576,balanced,0.007876011706230878,adaptive,log_loss,2014,elasticnet,COMPLETE
146,146,0.7522989465469857,2025-04-07 14:07:03.334614,2025-04-07 14:07:51.572902,0 days 00:00:48.238288,0.0018023665540360815,balanced,0.0069137203298572265,adaptive,log_loss,2111,elasticnet,COMPLETE
147,147,0.7524096876860079,2025-04-07 14:07:51.586501,2025-04-07 14:08:41.773171,0 days 00:00:50.186670,0.0013134576325147084,balanced,0.005362720104254548,adaptive,log_loss,1728,elasticnet,COMPLETE
148,148,0.7523663466458939,2025-04-07 14:08:41.786171,2025-04-07 14:09:30.250112,0 days 00:00:48.463941,0.001289878239844882,balanced,0.005407851170876532,adaptive,log_loss,1735,elasticnet,COMPLETE
149,149,0.7521502860334977,2025-04-07 14:09:30.264102,2025-04-07 14:10:17.280347,0 days 00:00:47.016245,0.0005639260783881618,balanced,0.005404226095356874,adaptive,log_loss,1742,elasticnet,COMPLETE
150,150,0.7523378912508278,2025-04-07 14:10:17.293301,2025-04-07 14:11:05.368881,0 days 00:00:48.075580,0.0012183153500531585,balanced,0.0035042963717335143,adaptive,log_loss,1944,elasticnet,COMPLETE
151,151,0.7523773681017292,2025-04-07 14:11:05.381345,2025-04-07 14:11:51.529961,0 days 00:00:46.148616,0.0012804655298647883,balanced,0.0030791125908235855,adaptive,log_loss,1961,elasticnet,COMPLETE
152,152,0.717522486052125,2025-04-07 14:11:51.542388,2025-04-07 14:12:11.416342,0 days 00:00:19.873954,0.0023469720064769216,balanced,0.002893227333527525,constant,log_loss,2050,elasticnet,COMPLETE
153,153,0.7523391770873419,2025-04-07 14:12:11.429339,2025-04-07 14:12:57.660672,0 days 00:00:46.231333,0.0012979203566112717,balanced,0.0021845320614653162,adaptive,log_loss,1955,elasticnet,COMPLETE
154,154,0.7506025552365865,2025-04-07 14:12:57.674015,2025-04-07 14:14:28.116713,0 days 00:01:30.442698,0.000792302179935353,balanced,0.0022207499528557983,invscaling,log_loss,1963,elasticnet,COMPLETE
155,155,0.7489398005187744,2025-04-09 10:39:58.821884,2025-04-09 10:40:13.686097,0 days 00:00:14.864213,0.0013243165943683489,balanced,0.0033233949951841702,adaptive,log_loss,1896,elasticnet,COMPLETE
156,156,0.7489635500861822,2025-04-09 10:40:13.701310,2025-04-09 10:40:24.633016,0 days 00:00:10.931706,0.0012435261065692534,balanced,0.0016772929636438727,adaptive,log_loss,1943,elasticnet,COMPLETE
157,157,0.7488275865124722,2025-04-09 10:40:24.644452,2025-04-09 10:40:36.563302,0 days 00:00:11.918850,0.002005903033366438,balanced,0.004243508077693207,adaptive,log_loss,1817,elasticnet,COMPLETE
158,158,0.7490064124165985,2025-04-09 10:40:36.575748,2025-04-09 10:40:48.319606,0 days 00:00:11.743858,0.000618677541568333,balanced,0.004871606556739998,adaptive,log_loss,2006,elasticnet,COMPLETE
159,159,0.7489871282087215,2025-04-09 10:40:48.334747,2025-04-09 10:41:01.121423,0 days 00:00:12.786676,0.0008866103196876288,balanced,0.003484458333169502,adaptive,log_loss,2145,elasticnet,COMPLETE
160,160,0.7489499680901022,2025-04-09 10:41:01.134361,2025-04-09 10:41:11.989049,0 days 00:00:10.854688,0.001259107852942829,balanced,0.001976534741941993,adaptive,log_loss,1869,elasticnet,COMPLETE
161,161,0.7244461156237108,2025-04-09 10:41:12.002053,2025-04-09 10:41:25.266144,0 days 00:00:13.264091,0.9862931008713147,balanced,0.006051710247060031,adaptive,log_loss,2067,elasticnet,COMPLETE
162,162,0.7488186368676784,2025-04-09 10:41:25.283143,2025-04-09 10:41:34.571699,0 days 00:00:09.288556,0.0028234715366145446,balanced,0.004861365867741529,adaptive,log_loss,1706,l2,COMPLETE
163,163,0.7490055885906067,2025-04-09 10:41:34.585697,2025-04-09 10:41:48.289635,0 days 00:00:13.703938,0.00047940010079139877,balanced,0.007128722705641371,adaptive,log_loss,1765,elasticnet,COMPLETE
164,164,0.7490028655117205,2025-04-09 10:41:48.302631,2025-04-09 10:42:02.457829,0 days 00:00:14.155198,0.0007307470876224234,balanced,0.00956395242698952,adaptive,log_loss,1894,elasticnet,COMPLETE
165,165,0.7489781485054114,2025-04-09 10:42:02.469636,2025-04-09 10:42:16.319114,0 days 00:00:13.849478,0.0009995736790789674,balanced,0.009204557131693956,adaptive,log_loss,1694,elasticnet,COMPLETE
166,166,0.7307673602903002,2025-04-09 10:42:16.331577,2025-04-09 10:42:28.922401,0 days 00:00:12.590824,0.161156497771643,balanced,0.0028338943362216486,adaptive,log_loss,1787,elasticnet,COMPLETE
167,167,0.7488547371452919,2025-04-09 10:42:28.937398,2025-04-09 10:42:41.236090,0 days 00:00:12.298692,0.0018190651387804766,balanced,0.0035470840325130706,adaptive,log_loss,1972,elasticnet,COMPLETE
168,168,0.7489202669365431,2025-04-09 10:42:41.249088,2025-04-09 10:42:54.529756,0 days 00:00:13.280668,0.0013050521160955727,balanced,0.012864451108740554,adaptive,log_loss,1668,elasticnet,COMPLETE
169,169,0.7490048593932761,2025-04-09 10:42:54.541758,2025-04-09 10:43:06.353267,0 days 00:00:11.811509,0.0008870898406473084,balanced,0.006271264134023623,adaptive,log_loss,1740,elasticnet,COMPLETE
170,170,0.7489089148370327,2025-04-09 10:43:06.370276,2025-04-09 10:43:19.924759,0 days 00:00:13.554483,0.00126647059049545,balanced,0.022675201561358237,adaptive,log_loss,1836,elasticnet,COMPLETE
171,171,0.7486386520407716,2025-04-09 10:43:19.939764,2025-04-09 10:43:32.458736,0 days 00:00:12.518972,0.0006594711239889233,,0.007952057562020144,adaptive,log_loss,1599,elasticnet,COMPLETE
172,172,0.7489773714371112,2025-04-09 10:43:32.472622,2025-04-09 10:43:48.294589,0 days 00:00:15.821967,0.0010712273096006744,balanced,0.011041632429950104,adaptive,modified_huber,1663,elasticnet,COMPLETE
173,173,0.7476217034241125,2025-04-09 10:43:48.307590,2025-04-09 10:43:54.368154,0 days 00:00:06.060564,0.0017726879408763115,balanced,,optimal,log_loss,1800,elasticnet,COMPLETE
174,174,0.7489916258533249,2025-04-09 10:43:54.381609,2025-04-09 10:44:07.166796,0 days 00:00:12.785187,0.0008479038944599811,balanced,0.0048882418646221185,adaptive,log_loss,1728,elasticnet,COMPLETE
175,175,0.7489554086814827,2025-04-09 10:44:07.179799,2025-04-09 10:44:21.254991,0 days 00:00:14.075192,0.0010754202885172673,balanced,0.014246273067981326,adaptive,log_loss,1644,elasticnet,COMPLETE
176,176,0.7489825192362813,2025-04-09 10:44:21.268990,2025-04-09 10:44:36.149957,0 days 00:00:14.880967,0.0009905699703564327,balanced,0.015380421223142406,adaptive,log_loss,1618,elasticnet,COMPLETE
177,177,0.7488844316191807,2025-04-09 10:44:36.162957,2025-04-09 10:44:48.381324,0 days 00:00:12.218367,0.0016137073403331764,balanced,0.002494570909248676,adaptive,log_loss,1941,elasticnet,COMPLETE
178,178,0.7489300726924016,2025-04-09 10:44:48.393211,2025-04-09 10:45:01.211837,0 days 00:00:12.818626,0.0013476575087416492,balanced,0.008127918751704414,adaptive,log_loss,1865,elasticnet,COMPLETE
179,179,0.7490230381157346,2025-04-09 10:45:01.224555,2025-04-09 10:45:16.128825,0 days 00:00:14.904270,0.0005676947920931246,balanced,0.010881431198908794,adaptive,log_loss,2023,elasticnet,COMPLETE
180,180,0.7489745014054805,2025-04-09 10:45:16.140826,2025-04-09 10:45:31.001721,0 days 00:00:14.860895,0.0007624853614939782,balanced,0.020257430800917815,adaptive,log_loss,1581,elasticnet,COMPLETE
181,181,0.7487343449961044,2025-04-09 10:45:31.014555,2025-04-09 10:45:47.903191,0 days 00:00:16.888636,0.002270756250348103,balanced,0.03212739810289576,adaptive,log_loss,1681,elasticnet,COMPLETE
182,182,0.7489562692456606,2025-04-09 10:45:47.917488,2025-04-09 10:46:01.813329,0 days 00:00:13.895841,0.0010290833614943246,balanced,0.013647819805800062,adaptive,log_loss,1770,elasticnet,COMPLETE
183,183,0.6649470957873836,2025-04-09 10:46:01.825334,2025-04-09 10:46:06.494396,0 days 00:00:04.669062,1.0747159862955871e-05,balanced,0.006753574407628323,constant,log_loss,1634,elasticnet,COMPLETE
184,184,0.7489164617510841,2025-04-09 10:46:06.508396,2025-04-09 10:46:20.650739,0 days 00:00:14.142343,0.0014925265811661288,balanced,0.00905969010351221,adaptive,log_loss,1715,elasticnet,COMPLETE
185,185,0.7488173254257615,2025-04-09 10:46:20.663088,2025-04-09 10:46:34.672331,0 days 00:00:14.009243,0.001645710380235805,balanced,0.026127660404791492,adaptive,log_loss,1615,elasticnet,COMPLETE
186,186,0.7489214959958606,2025-04-09 10:46:34.686333,2025-04-09 10:46:50.455755,0 days 00:00:15.769422,0.00120738218085666,balanced,0.01628423827458667,adaptive,log_loss,1553,elasticnet,COMPLETE
187,187,0.7489903177512436,2025-04-09 10:46:50.468755,2025-04-09 10:47:04.534114,0 days 00:00:14.065359,0.0008588719484050674,balanced,0.013791791212839638,adaptive,log_loss,1562,elasticnet,COMPLETE
188,188,0.7488949053420594,2025-04-09 10:47:04.547655,2025-04-09 10:47:20.481388,0 days 00:00:15.933733,0.0013815144060181648,balanced,0.019130463256420076,adaptive,log_loss,1683,elasticnet,COMPLETE
189,189,0.7489891109574935,2025-04-09 10:47:20.497388,2025-04-09 10:47:34.306385,0 days 00:00:13.808997,0.0006786714754031758,balanced,0.011867056576846603,adaptive,log_loss,1454,elasticnet,COMPLETE
190,190,,2025-04-09 10:47:34.320393,2025-04-09 10:47:43.376719,0 days 00:00:09.056326,0.0021149875587497613,balanced,0.004191635041481067,invscaling,log_loss,1746,elasticnet,FAIL
191,191,0.7480255139800265,2025-04-09 10:47:52.618658,2025-04-09 10:48:01.582760,0 days 00:00:08.964102,0.001875952273410418,balanced,0.010407185943884754,invscaling,log_loss,1825,elasticnet,COMPLETE
192,192,0.7489751382007066,2025-04-09 10:48:01.597788,2025-04-09 10:48:14.024799,0 days 00:00:12.427011,0.0010025422207785171,balanced,0.003747893644916872,adaptive,log_loss,2111,elasticnet,COMPLETE
193,193,0.7488882757693828,2025-04-09 10:48:14.038797,2025-04-09 10:48:23.297776,0 days 00:00:09.258979,0.0011369433592704386,balanced,0.005656384275694975,adaptive,log_loss,1907,l2,COMPLETE
194,194,0.7487992023672216,2025-04-09 10:48:23.309898,2025-04-09 10:48:34.234981,0 days 00:00:10.925083,0.002254727512216026,balanced,0.0018225568793306165,adaptive,log_loss,1768,elasticnet,COMPLETE
195,195,0.7489780483103585,2025-04-09 10:48:34.247414,2025-04-09 10:48:45.849936,0 days 00:00:11.602522,0.0008587335348950664,balanced,0.00296235018327435,adaptive,log_loss,1724,elasticnet,COMPLETE
196,196,0.7489221583964891,2025-04-09 10:48:45.865934,2025-04-09 10:49:02.293415,0 days 00:00:16.427481,0.0013417796088734141,balanced,0.016212378821544682,adaptive,log_loss,1592,elasticnet,COMPLETE
197,197,0.7489076234341268,2025-04-09 10:49:02.309411,2025-04-09 10:49:12.927817,0 days 00:00:10.618406,0.0015253070475520075,balanced,0.001466532731624833,adaptive,log_loss,1545,elasticnet,COMPLETE
198,198,0.7488513627985609,2025-04-09 10:49:12.941820,2025-04-09 10:49:28.815808,0 days 00:00:15.873988,0.0016356491435901312,balanced,0.018839219671737104,adaptive,log_loss,1642,elasticnet,COMPLETE
199,199,0.748963179364486,2025-04-09 10:49:28.829411,2025-04-09 10:49:42.947166,0 days 00:00:14.117755,0.0010726713719797477,balanced,0.02275901556659981,adaptive,log_loss,1509,elasticnet,COMPLETE
200,200,0.7490202170683519,2025-04-09 10:49:42.960166,2025-04-09 10:49:56.319272,0 days 00:00:13.359106,0.000676388590098742,balanced,0.008712953693380418,adaptive,log_loss,1995,elasticnet,COMPLETE
201,201,0.7485471717307807,2025-04-09 10:49:56.332275,2025-04-09 10:50:09.868513,0 days 00:00:13.536238,0.0008628605989432693,,0.016953020595240405,adaptive,log_loss,1466,elasticnet,COMPLETE
202,202,0.7490078440925787,2025-04-09 10:50:09.881514,2025-04-09 10:50:24.237054,0 days 00:00:14.355540,0.0019649674093771235,balanced,0.01295327166910613,adaptive,modified_huber,1673,elasticnet,COMPLETE
203,203,0.7489367122845838,2025-04-09 10:50:24.255056,2025-04-09 10:50:36.007922,0 days 00:00:11.752866,0.0014230215402594038,balanced,0.004740871880835369,adaptive,log_loss,1370,elasticnet,COMPLETE
204,204,0.7490085109463206,2025-04-09 10:50:36.021166,2025-04-09 10:50:49.668044,0 days 00:00:13.646878,0.0005463256605131401,balanced,0.007148075862051741,adaptive,log_loss,1590,elasticnet,COMPLETE
205,205,0.7489518606633264,2025-04-09 10:50:49.682046,2025-04-09 10:51:03.217573,0 days 00:00:13.535527,0.0011543837625576196,balanced,0.010682359258077052,adaptive,log_loss,1933,elasticnet,COMPLETE
206,206,0.7489845509693014,2025-04-09 10:51:03.231634,2025-04-09 10:51:21.532469,0 days 00:00:18.300835,0.0007147937722136746,balanced,0.02699784242668839,adaptive,log_loss,1533,elasticnet,COMPLETE
207,207,0.7489534604443402,2025-04-09 10:51:21.545480,2025-04-09 10:51:36.823351,0 days 00:00:15.277871,0.0009324310407331526,balanced,0.023298699291105267,adaptive,log_loss,1495,elasticnet,COMPLETE
208,208,0.7489929038968907,2025-04-09 10:51:36.836352,2025-04-09 10:51:54.313715,0 days 00:00:17.477363,0.0007768930067595898,balanced,0.03544069298011717,adaptive,log_loss,1728,elasticnet,COMPLETE
209,209,0.743257035468403,2025-04-09 10:51:54.326228,2025-04-09 10:52:07.792044,0 days 00:00:13.465816,0.04103800914231798,balanced,0.01548155856489916,adaptive,log_loss,1638,elasticnet,COMPLETE
210,210,0.7489413323898076,2025-04-09 10:52:07.806045,2025-04-09 10:52:21.883149,0 days 00:00:14.077104,0.0011956455869634025,balanced,0.019578528768671267,adaptive,log_loss,1432,elasticnet,COMPLETE
211,211,0.7489980995670305,2025-04-09 10:52:21.896147,2025-04-09 10:52:35.771434,0 days 00:00:13.875287,0.00045771244688454444,balanced,0.007709278420243809,adaptive,log_loss,1785,elasticnet,COMPLETE
212,212,0.7474018699113298,2025-04-09 10:52:35.786469,2025-04-09 10:52:41.880645,0 days 00:00:06.094176,0.0016309320220916296,balanced,,optimal,log_loss,1693,elasticnet,COMPLETE
213,213,0.7486900565560997,2025-04-09 10:52:41.897645,2025-04-09 10:52:54.865835,0 days 00:00:12.968190,0.002732447902753359,balanced,0.012306051755349224,adaptive,log_loss,2042,elasticnet,COMPLETE
214,214,0.7489601323215949,2025-04-09 10:52:54.885021,2025-04-09 10:53:06.548092,0 days 00:00:11.663071,0.0006402589507948332,balanced,0.0023861076624613568,adaptive,log_loss,1600,elasticnet,COMPLETE
215,215,0.7489642291859863,2025-04-09 10:53:06.562091,2025-04-09 10:53:20.685194,0 days 00:00:14.123103,0.0009990911697781068,balanced,0.014788905859157526,adaptive,log_loss,1838,elasticnet,COMPLETE
216,216,0.7490049473422673,2025-04-09 10:53:20.698518,2025-04-09 10:53:37.224719,0 days 00:00:16.526201,0.0007215879521625926,balanced,0.03157671285053123,adaptive,log_loss,1510,elasticnet,COMPLETE
217,217,0.7489372978690048,2025-04-09 10:53:37.237721,2025-04-09 10:53:51.087834,0 days 00:00:13.850113,0.0013100658000388397,balanced,0.009260589935187927,adaptive,log_loss,1463,elasticnet,COMPLETE
218,218,0.7489805498468496,2025-04-09 10:53:51.101832,2025-04-09 10:54:06.773518,0 days 00:00:15.671686,0.0009399170975849785,balanced,0.018853444547072683,adaptive,log_loss,1537,elasticnet,COMPLETE
219,219,0.7489895985734183,2025-04-09 10:54:06.788518,2025-04-09 10:54:22.443470,0 days 00:00:15.654952,0.0008279766606056453,balanced,0.0104337144149846,adaptive,log_loss,1637,elasticnet,COMPLETE
220,220,0.7490134405429307,2025-04-09 10:54:22.458469,2025-04-09 10:54:35.834197,0 days 00:00:13.375728,0.000591371889790522,balanced,0.0063635245184033296,adaptive,log_loss,1979,elasticnet,COMPLETE
221,221,,2025-04-09 10:54:35.847886,2025-04-09 10:54:47.120373,0 days 00:00:11.272487,0.0011512414429031075,balanced,0.012343119270025,adaptive,log_loss,1350,elasticnet,FAIL
222,222,0.6981427043406301,2025-04-09 10:55:01.864193,2025-04-09 10:55:10.367981,0 days 00:00:08.503788,0.0011775926322523836,balanced,0.0130444216322366,constant,log_loss,1328,elasticnet,COMPLETE
223,223,0.7489746795300194,2025-04-09 10:55:10.381861,2025-04-09 10:55:23.381208,0 days 00:00:12.999347,0.00039121957934722205,balanced,0.004362031048850333,adaptive,log_loss,1387,elasticnet,COMPLETE
224,224,0.7488777597419259,2025-04-09 10:55:23.394207,2025-04-09 10:55:32.108188,0 days 00:00:08.713981,0.0015509277434913886,balanced,0.0031427781949124826,adaptive,log_loss,1580,l2,COMPLETE
225,225,0.7489685631786698,2025-04-09 10:55:32.122185,2025-04-09 10:55:45.566395,0 days 00:00:13.444210,0.0010568690138763382,balanced,0.02225707024102417,adaptive,log_loss,1693,elasticnet,COMPLETE
226,226,0.7476905340857225,2025-04-09 10:55:45.579682,2025-04-09 10:55:55.833049,0 days 00:00:10.253367,0.0020344346599256427,balanced,0.005883671223927586,invscaling,log_loss,1745,elasticnet,COMPLETE
227,227,0.7489645375640939,2025-04-09 10:55:55.845812,2025-04-09 10:56:09.237839,0 days 00:00:13.392027,0.0009515537280302247,balanced,0.011126077738864995,adaptive,log_loss,1556,elasticnet,COMPLETE
228,228,0.7489323426669923,2025-04-09 10:56:09.256261,2025-04-09 10:56:23.848258,0 days 00:00:14.591997,0.0013423999134683363,balanced,0.01269259247738517,adaptive,log_loss,1514,elasticnet,COMPLETE
229,229,0.7489864034645045,2025-04-09 10:56:23.859254,2025-04-09 10:56:38.087781,0 days 00:00:14.228527,0.0007293669902800511,balanced,0.01650109284062438,adaptive,log_loss,1458,elasticnet,COMPLETE
230,230,0.748939069094887,2025-04-09 10:56:38.100779,2025-04-09 10:56:51.130912,0 days 00:00:13.030133,0.0010921236222547165,balanced,0.009249628439117842,adaptive,log_loss,1657,elasticnet,COMPLETE
231,231,0.7489999609684606,2025-04-09 10:56:51.142918,2025-04-09 10:57:04.836164,0 days 00:00:13.693246,0.0008406705981698865,balanced,0.013708900955619604,adaptive,log_loss,1505,elasticnet,COMPLETE
232,232,0.7488925429653643,2025-04-09 10:57:04.849162,2025-04-09 10:57:17.319499,0 days 00:00:12.470337,0.0015826126769879002,balanced,0.008333757534554445,adaptive,log_loss,1621,elasticnet,COMPLETE
233,233,0.7487320059982548,2025-04-09 10:57:17.333496,2025-04-09 10:57:29.816425,0 days 00:00:12.482929,0.0005236364237952833,,0.015429449545633852,adaptive,log_loss,1892,elasticnet,COMPLETE
234,234,0.7489110178198682,2025-04-09 10:57:29.832422,2025-04-09 10:57:43.903030,0 days 00:00:14.070608,0.0012348536142078232,balanced,0.02943110045967082,adaptive,log_loss,1402,elasticnet,COMPLETE
235,235,0.7490029890856194,2025-04-09 10:57:43.917437,2025-04-09 10:57:59.942228,0 days 00:00:16.024791,0.0009483901403691759,balanced,0.018762780664110898,adaptive,modified_huber,1563,elasticnet,COMPLETE
236,236,0.7489906294691864,2025-04-09 10:57:59.954561,2025-04-09 10:58:11.228741,0 days 00:00:11.274180,0.0006696939400875617,balanced,0.0038498513847219106,adaptive,log_loss,2996,elasticnet,COMPLETE
237,237,0.7488521153747372,2025-04-09 10:58:11.241250,2025-04-09 10:58:24.382850,0 days 00:00:13.141600,0.0018574478486136892,balanced,0.006982373514135774,adaptive,log_loss,1710,elasticnet,COMPLETE
238,238,0.7489220270296417,2025-04-09 10:58:24.396851,2025-04-09 10:58:36.406474,0 days 00:00:12.009623,0.0014574882597582412,balanced,0.007139734513217184,adaptive,log_loss,2120,elasticnet,COMPLETE
239,239,0.748871596632885,2025-04-09 10:58:36.419478,2025-04-09 10:58:47.816137,0 days 00:00:11.396659,0.0018225115134742234,balanced,0.005586966319165451,adaptive,log_loss,2249,elasticnet,COMPLETE
240,240,0.7489483627426966,2025-04-09 10:58:47.829147,2025-04-09 10:59:01.250393,0 days 00:00:13.421246,0.0011290844376201043,balanced,0.010003894260707524,adaptive,log_loss,2183,elasticnet,COMPLETE
241,241,0.7489263677019955,2025-04-09 10:59:01.264398,2025-04-09 10:59:15.382775,0 days 00:00:14.118377,0.0013446911071219286,balanced,0.011938634346495778,adaptive,log_loss,2026,elasticnet,COMPLETE
242,242,0.7489918217903175,2025-04-09 10:59:15.394778,2025-04-09 10:59:31.785042,0 days 00:00:16.390264,0.0008626172977909279,balanced,0.039868526220883556,adaptive,log_loss,2078,elasticnet,COMPLETE
243,243,0.7489712105546271,2025-04-09 10:59:31.799039,2025-04-09 10:59:42.587224,0 days 00:00:10.788185,0.00104382183176428,balanced,0.0020267557817502963,adaptive,log_loss,1652,elasticnet,COMPLETE
244,244,0.7488731084649078,2025-04-09 10:59:42.601228,2025-04-09 10:59:54.914057,0 days 00:00:12.312829,0.00173279193400787,balanced,0.00820522720880378,adaptive,log_loss,1954,elasticnet,COMPLETE
245,245,0.7489892156056601,2025-04-09 10:59:54.927058,2025-04-09 11:00:07.268712,0 days 00:00:12.341654,0.0007631959312832759,balanced,0.00528971032947666,adaptive,log_loss,1758,elasticnet,COMPLETE
246,246,0.7487731293878614,2025-04-09 11:00:07.285757,2025-04-09 11:00:20.825983,0 days 00:00:13.540226,0.0022034681724359922,balanced,0.022869860861019383,adaptive,log_loss,1590,elasticnet,COMPLETE
247,247,0.7489044917820797,2025-04-09 11:00:20.840984,2025-04-09 11:00:33.120211,0 days 00:00:12.279227,0.0015016072030171069,balanced,0.011489715919587223,adaptive,log_loss,1627,elasticnet,COMPLETE
248,248,0.7489568180918955,2025-04-09 11:00:33.135212,2025-04-09 11:00:46.522781,0 days 00:00:13.387569,0.001168233646955406,balanced,0.009631210911775216,adaptive,log_loss,1673,elasticnet,COMPLETE
249,249,0.7488782061665512,2025-04-09 11:00:46.536420,2025-04-09 11:01:02.162379,0 days 00:00:15.625959,0.0016689310816681538,balanced,0.013860290403528451,adaptive,log_loss,1479,elasticnet,COMPLETE
250,250,0.7489637938941447,2025-04-09 11:01:02.174377,2025-04-09 11:01:15.718148,0 days 00:00:13.543771,0.000964915289484543,balanced,0.011228754371805445,adaptive,log_loss,1710,elasticnet,COMPLETE
251,251,0.7489039017445451,2025-04-09 11:01:15.732153,2025-04-09 11:01:29.448207,0 days 00:00:13.716054,0.0014580370014620559,balanced,0.016662407376994023,adaptive,log_loss,1542,elasticnet,COMPLETE
252,252,0.7489603048797417,2025-04-09 11:01:29.459586,2025-04-09 11:01:42.153908,0 days 00:00:12.694322,0.0012672132049714939,balanced,0.0077353660122692364,adaptive,log_loss,1614,elasticnet,COMPLETE
253,253,0.7487517900681187,2025-04-09 11:01:42.168917,2025-04-09 11:01:53.390519,0 days 00:00:11.221602,0.002434488262787235,balanced,0.002614664296175027,adaptive,log_loss,1804,elasticnet,COMPLETE
254,254,0.7466081625525354,2025-04-09 11:01:53.404519,2025-04-09 11:02:00.376529,0 days 00:00:06.972010,0.0009026388537773326,balanced,,optimal,log_loss,1677,elasticnet,COMPLETE
255,255,0.7489490529752842,2025-04-09 11:02:00.394553,2025-04-09 11:02:12.928942,0 days 00:00:12.534389,0.001130186023234637,balanced,0.006328247604885015,adaptive,log_loss,1525,elasticnet,COMPLETE
256,256,0.7490234433490601,2025-04-09 11:02:12.941941,2025-04-09 11:02:29.933978,0 days 00:00:16.992037,0.0006406656463485986,balanced,0.09771044522957403,adaptive,log_loss,1608,elasticnet,COMPLETE
257,257,0.7488808691284057,2025-04-09 11:02:29.946978,2025-04-09 11:02:38.541761,0 days 00:00:08.594783,0.0017815248695005857,balanced,0.01233419274740706,adaptive,log_loss,1759,l2,COMPLETE
258,258,0.7490025070360862,2025-04-09 11:02:38.555761,2025-04-09 11:02:53.149593,0 days 00:00:14.593832,0.0007983174245613516,balanced,0.009475185401185816,adaptive,log_loss,1435,elasticnet,COMPLETE
259,259,0.6752206612352487,2025-04-09 11:02:53.163431,2025-04-09 11:02:59.328073,0 days 00:00:06.164642,0.0013519250774668774,balanced,0.0521051203318572,constant,log_loss,1970,elasticnet,COMPLETE
260,260,0.7489656797876988,2025-04-09 11:02:59.341074,2025-04-09 11:03:12.985543,0 days 00:00:13.644469,0.0009818364787946723,balanced,0.014867428192720888,adaptive,log_loss,2097,elasticnet,COMPLETE
261,261,0.7489078850545431,2025-04-09 11:03:12.997855,2025-04-09 11:03:26.937742,0 days 00:00:13.939887,0.0012106510415130383,balanced,0.02609064363647672,adaptive,log_loss,1653,elasticnet,COMPLETE
262,262,0.7481771536264252,2025-04-09 22:25:10.638207,2025-04-09 22:25:27.354353,0 days 00:00:16.716146,0.002136682759967349,,0.018569400477640982,adaptive,modified_huber,1577,elasticnet,COMPLETE
263,263,0.7480750882657189,2025-04-09 22:25:27.371351,2025-04-09 22:25:35.484421,0 days 00:00:08.113070,0.0007116669934866092,balanced,0.011272982643180322,invscaling,log_loss,1712,elasticnet,COMPLETE
264,264,0.7488919006037464,2025-04-09 22:25:35.499424,2025-04-09 22:25:48.003499,0 days 00:00:12.504075,0.0016399537837306943,balanced,0.0045060895990620175,adaptive,log_loss,1891,elasticnet,COMPLETE
265,265,0.7489778056156744,2025-04-09 22:25:48.023499,2025-04-09 22:26:03.579138,0 days 00:00:15.555639,0.0010152672811265383,balanced,0.0071335214226546685,adaptive,log_loss,1514,elasticnet,COMPLETE
266,266,0.748975000154189,2025-04-09 22:26:03.592137,2025-04-09 22:26:20.467586,0 days 00:00:16.875449,0.0005899822905404756,balanced,0.021039428140545942,adaptive,log_loss,2165,elasticnet,COMPLETE
267,267,0.7489297320292213,2025-04-09 22:26:20.483586,2025-04-09 22:26:35.138850,0 days 00:00:14.655264,0.001384673296921273,balanced,0.008617110439935714,adaptive,log_loss,1842,elasticnet,COMPLETE
268,268,0.7489776686824352,2025-04-09 22:26:35.154851,2025-04-09 22:26:49.595583,0 days 00:00:14.440732,0.0008460930783533198,balanced,0.013584713392531382,adaptive,log_loss,1747,elasticnet,COMPLETE
269,269,0.7489580783230073,2025-04-09 22:26:49.609584,2025-04-09 22:27:06.793898,0 days 00:00:17.184314,0.0011475826197359016,balanced,0.06278110931252254,adaptive,log_loss,1261,elasticnet,COMPLETE
270,270,0.7486395627024761,2025-04-09 22:27:06.808898,2025-04-09 22:27:19.985147,0 days 00:00:13.176249,0.0030924608016130693,balanced,0.003454310208887524,adaptive,log_loss,2024,elasticnet,COMPLETE
271,271,0.7490289796823804,2025-04-09 22:27:19.998147,2025-04-09 22:27:35.240090,0 days 00:00:15.241943,2.0503273074829144e-05,balanced,0.01634040444116507,adaptive,log_loss,1472,elasticnet,COMPLETE
272,272,0.7488338553829582,2025-04-09 22:27:35.254092,2025-04-09 22:27:47.881066,0 days 00:00:12.626974,0.0018851788781488706,balanced,0.01067466074083611,adaptive,log_loss,1639,elasticnet,COMPLETE
273,273,0.7489959899045247,2025-04-09 22:27:47.895059,2025-04-09 22:28:00.189823,0 days 00:00:12.294764,0.0008256106160682035,balanced,0.006314718884484376,adaptive,log_loss,1561,elasticnet,COMPLETE
274,274,0.7489297175566023,2025-04-09 22:28:00.204822,2025-04-09 22:28:12.324640,0 days 00:00:12.119818,0.0014321046763049732,balanced,0.005273895579703037,adaptive,log_loss,1924,elasticnet,COMPLETE
275,275,0.7489423911175348,2025-04-09 22:28:12.337638,2025-04-09 22:28:25.847478,0 days 00:00:13.509840,0.0010920168167470696,balanced,0.008582505305157846,adaptive,log_loss,1690,elasticnet,COMPLETE
276,276,0.7490163862774903,2025-04-09 22:28:25.861478,2025-04-09 22:28:40.614090,0 days 00:00:14.752612,0.00048727768603060905,balanced,0.013736091857615092,adaptive,log_loss,1802,elasticnet,COMPLETE
277,277,0.7459299455782776,2025-04-09 22:28:40.629114,2025-04-09 22:28:48.791177,0 days 00:00:08.162063,0.0006877770561228249,balanced,,optimal,log_loss,1605,elasticnet,COMPLETE
278,278,0.748887172510521,2025-04-09 22:28:48.804176,2025-04-09 22:28:58.311556,0 days 00:00:09.507380,0.0009756806413324696,balanced,0.017894601305776827,adaptive,log_loss,1359,l2,COMPLETE
279,279,0.7489250005961605,2025-04-09 22:28:58.332556,2025-04-09 22:29:10.655293,0 days 00:00:12.322737,0.00140264630616834,balanced,0.009998694988798193,adaptive,log_loss,1411,elasticnet,COMPLETE
280,280,0.7476703804074407,2025-04-09 22:29:10.671293,2025-04-09 22:29:21.563121,0 days 00:00:10.891828,0.0026486162786335554,,0.0014660990065241118,adaptive,log_loss,1669,elasticnet,COMPLETE
281,281,0.7489991148769014,2025-04-09 22:29:21.578120,2025-04-09 22:29:38.746554,0 days 00:00:17.168434,0.0017220664318210596,balanced,0.02283688034010667,adaptive,modified_huber,1733,elasticnet,COMPLETE
282,282,0.7489540527084315,2025-04-09 22:29:38.759552,2025-04-09 22:29:51.299419,0 days 00:00:12.539867,0.001171092086237043,balanced,0.0022379825542251483,adaptive,log_loss,1542,elasticnet,COMPLETE
283,283,0.6945543109177628,2025-04-09 22:29:51.312922,2025-04-09 22:29:58.881766,0 days 00:00:07.568844,0.0008267437650107303,balanced,0.012273320822835682,constant,log_loss,2055,elasticnet,COMPLETE
284,284,0.7488062182474919,2025-04-09 22:29:58.895766,2025-04-09 22:30:11.448410,0 days 00:00:12.552644,0.0020468124060236863,balanced,0.007913501379374823,adaptive,log_loss,1975,elasticnet,COMPLETE
285,285,0.7489875534810577,2025-04-09 22:30:11.466410,2025-04-09 22:30:24.608250,0 days 00:00:13.141840,0.0005933318374944381,balanced,0.015669747651196345,adaptive,log_loss,1491,elasticnet,COMPLETE
286,286,0.7287443152945053,2025-04-09 22:30:24.621250,2025-04-09 22:30:27.977988,0 days 00:00:03.356738,0.0009315566485587432,balanced,0.00015958326610074198,invscaling,log_loss,1625,elasticnet,COMPLETE
287,287,0.748919811605691,2025-04-09 22:30:27.989685,2025-04-09 22:30:38.102658,0 days 00:00:10.112973,0.0014171193989131728,balanced,0.00302155212002557,adaptive,log_loss,1782,elasticnet,COMPLETE
288,288,0.7489716413933551,2025-04-09 22:30:38.115616,2025-04-09 22:30:50.745892,0 days 00:00:12.630276,0.0011090706596291783,balanced,0.019870927936821083,adaptive,log_loss,1570,elasticnet,COMPLETE
289,289,0.7490040355672845,2025-04-09 22:30:50.758891,2025-04-09 22:31:05.759751,0 days 00:00:15.000860,0.0007322675510401229,balanced,0.07873714257730526,adaptive,log_loss,1718,elasticnet,COMPLETE
290,290,0.7488651585440875,2025-04-09 22:31:05.772743,2025-04-09 22:31:16.672615,0 days 00:00:10.899872,0.0017704734399991526,balanced,0.0038696057092193364,adaptive,log_loss,1861,elasticnet,COMPLETE
291,291,0.7489479419234739,2025-04-09 22:31:16.685970,2025-04-09 22:31:28.390548,0 days 00:00:11.704578,0.0012867389990605692,balanced,0.006728171832234746,adaptive,log_loss,1643,elasticnet,COMPLETE
292,292,0.7489633830944271,2025-04-09 22:31:28.402546,2025-04-09 22:31:42.423285,0 days 00:00:14.020739,0.0009708493621004778,balanced,0.02983988580906852,adaptive,log_loss,1485,elasticnet,COMPLETE
293,293,0.7487891884283087,2025-04-09 22:31:42.436192,2025-04-09 22:31:54.847662,0 days 00:00:12.411470,0.0022887800228796177,balanced,0.009985714438410228,adaptive,log_loss,1315,elasticnet,COMPLETE
294,294,0.7488977631276283,2025-04-09 22:31:54.860142,2025-04-09 22:32:06.173751,0 days 00:00:11.313609,0.001562713713321075,balanced,0.012382132817314338,adaptive,log_loss,1683,elasticnet,COMPLETE
295,295,0.7490115479697065,2025-04-09 22:32:06.186431,2025-04-09 22:32:20.985670,0 days 00:00:14.799239,0.000765379130364698,balanced,0.03668133929182934,adaptive,log_loss,1594,elasticnet,COMPLETE
296,296,0.7488746848670759,2025-04-09 22:32:20.998574,2025-04-09 22:32:26.811647,0 days 00:00:05.813073,0.0012313752970443252,balanced,0.000650563651867391,adaptive,log_loss,1428,l2,COMPLETE
297,297,0.7489851387802793,2025-04-09 22:32:26.825952,2025-04-09 22:32:38.814779,0 days 00:00:11.988827,0.000519251748695671,balanced,0.004865782579530069,adaptive,log_loss,1924,elasticnet,COMPLETE
298,298,0.7489625058310738,2025-04-09 22:32:38.826777,2025-04-09 22:32:51.500536,0 days 00:00:12.673759,0.0009572989511917779,balanced,0.01481818694512441,adaptive,log_loss,1539,elasticnet,COMPLETE
299,299,0.7490152896982987,2025-04-09 22:32:51.515535,2025-04-09 22:33:03.520448,0 days 00:00:12.004913,0.0006595767556788195,balanced,0.008499059725323105,adaptive,log_loss,2006,elasticnet,COMPLETE
300,300,0.7482091381139154,2025-04-09 22:33:03.533402,2025-04-09 22:33:17.514885,0 days 00:00:13.981483,0.001620614770633053,,0.025472590755673902,adaptive,modified_huber,2341,elasticnet,COMPLETE
301,301,0.7489544880002731,2025-04-09 22:33:17.527721,2025-04-09 22:33:29.982260,0 days 00:00:12.454539,0.0011178645603601698,balanced,0.011878459694778505,adaptive,log_loss,1755,elasticnet,COMPLETE
302,302,0.7464590355754114,2025-04-09 22:33:29.994260,2025-04-09 22:33:36.413377,0 days 00:00:06.419117,0.0008555901391742907,balanced,,optimal,log_loss,1671,elasticnet,COMPLETE
303,303,0.7489001499964475,2025-04-09 22:33:36.425376,2025-04-09 22:33:50.729935,0 days 00:00:14.304559,0.0013306758048215787,balanced,0.017776740140692686,adaptive,log_loss,1812,elasticnet,COMPLETE
304,304,0.7241667217182819,2025-04-09 22:33:50.748326,2025-04-09 22:34:02.829284,0 days 00:00:12.080958,0.5183501465725145,balanced,0.0062126561607451,adaptive,log_loss,1589,elasticnet,COMPLETE
305,305,0.748829731799886,2025-04-09 22:34:02.840876,2025-04-09 22:34:15.148158,0 days 00:00:12.307282,0.0019862701330527347,balanced,0.0208667477540404,adaptive,log_loss,2220,elasticnet,COMPLETE
306,306,0.7489698534682974,2025-04-09 22:34:15.160061,2025-04-09 22:34:28.635872,0 days 00:00:13.475811,0.001021527922483475,balanced,0.046630771063556765,adaptive,log_loss,1704,elasticnet,COMPLETE
307,307,0.7485376120094414,2025-04-09 22:34:28.648825,2025-04-09 22:34:38.844798,0 days 00:00:10.195973,0.003902760456652181,balanced,0.0025961573864457244,adaptive,log_loss,1457,elasticnet,COMPLETE
308,308,0.7490346217771455,2025-04-09 22:34:38.856843,2025-04-09 22:34:50.813719,0 days 00:00:11.956876,0.0006240357709231181,balanced,0.009393703606747782,adaptive,log_loss,1645,elasticnet,COMPLETE
309,309,0.6964806365155705,2025-04-09 22:34:50.825718,2025-04-09 22:34:57.040149,0 days 00:00:06.214431,0.0015027737757193384,balanced,0.013635374332357342,constant,log_loss,2782,elasticnet,COMPLETE
310,310,0.7489900628104975,2025-04-09 22:34:57.052956,2025-04-09 22:35:11.724020,0 days 00:00:14.671064,0.0004189807119371209,balanced,0.0072206925437848955,adaptive,log_loss,1514,elasticnet,COMPLETE
311,311,0.7477355127583147,2025-04-09 22:35:11.735456,2025-04-09 22:35:25.698322,0 days 00:00:13.962866,0.0008018361541255313,balanced,0.004289338954974491,invscaling,log_loss,1866,elasticnet,COMPLETE
312,312,0.7489587162315118,2025-04-09 22:35:25.709824,2025-04-09 22:35:38.045471,0 days 00:00:12.335647,0.001190606433940863,balanced,0.010251125126406113,adaptive,log_loss,1736,elasticnet,COMPLETE
313,313,0.7487071498321499,2025-04-09 22:35:38.058362,2025-04-09 22:35:51.433089,0 days 00:00:13.374727,0.0024825535142539014,balanced,0.10881291300443525,adaptive,log_loss,1608,elasticnet,COMPLETE
314,314,0.7488771574583293,2025-04-09 22:35:51.445398,2025-04-09 22:35:59.906563,0 days 00:00:08.461165,0.0009047403887501435,balanced,0.01691582799499093,adaptive,log_loss,1946,l2,COMPLETE
315,315,0.748875219240692,2025-04-09 22:35:59.919004,2025-04-09 22:36:11.985226,0 days 00:00:12.066222,0.0016831752504079041,balanced,0.011408978734300444,adaptive,log_loss,2107,elasticnet,COMPLETE
316,316,0.7489234130612089,2025-04-09 22:36:11.998045,2025-04-09 22:36:24.012453,0 days 00:00:12.014408,0.0012329076229227012,balanced,0.014091804388078331,adaptive,log_loss,1791,elasticnet,COMPLETE
317,317,0.7490030313901974,2025-04-09 22:36:24.025453,2025-04-09 22:36:36.055786,0 days 00:00:12.030333,0.0007003078072747485,balanced,0.005543487106759718,adaptive,log_loss,1559,elasticnet,COMPLETE
318,318,0.7489722592628489,2025-04-09 22:36:36.075005,2025-04-09 22:36:47.372226,0 days 00:00:11.297221,0.0009977002845494342,balanced,0.009011284057666913,adaptive,log_loss,1668,elasticnet,COMPLETE
319,319,0.7482803823630254,2025-04-09 22:36:47.384226,2025-04-09 22:36:59.504800,0 days 00:00:12.120574,0.001441514191001371,,0.02675874488943326,adaptive,modified_huber,1381,elasticnet,COMPLETE
320,320,0.7488611440622953,2025-04-09 22:36:59.516835,2025-04-09 22:37:12.934330,0 days 00:00:13.417495,0.0018363826696249435,balanced,0.00793423342879695,adaptive,log_loss,1515,elasticnet,COMPLETE
321,321,0.7489803728355893,2025-04-09 22:37:12.947611,2025-04-09 22:37:23.396417,0 days 00:00:10.448806,0.0005456803772806475,balanced,0.002035020007864675,adaptive,log_loss,2038,elasticnet,COMPLETE
322,322,0.7489734705097125,2025-04-09 22:37:23.408702,2025-04-09 22:37:33.368236,0 days 00:00:09.959534,0.0011019771370605331,balanced,0.0017225770879598214,adaptive,log_loss,1605,elasticnet,COMPLETE
323,323,0.7490032584989841,2025-04-09 22:37:33.381236,2025-04-09 22:37:49.100935,0 days 00:00:15.719699,0.0008143013831363365,balanced,0.08417899368258563,adaptive,log_loss,1719,elasticnet,COMPLETE
324,324,0.7488868040153813,2025-04-09 22:37:49.112976,2025-04-09 22:38:01.673241,0 days 00:00:12.560265,0.0013760589151300298,balanced,0.02019075993676205,adaptive,log_loss,1896,elasticnet,COMPLETE
325,325,0.7488141258637342,2025-04-09 22:38:01.685926,2025-04-09 22:38:12.439846,0 days 00:00:10.753920,0.0020526051239869907,balanced,0.0032971001649318428,adaptive,log_loss,1447,elasticnet,COMPLETE
326,326,0.7463558079520894,2025-04-09 22:38:12.452845,2025-04-09 22:38:18.464681,0 days 00:00:06.011836,0.0010010484506288945,balanced,,optimal,log_loss,1638,elasticnet,COMPLETE
327,327,0.748975536754362,2025-04-09 22:38:18.477678,2025-04-09 22:38:26.800910,0 days 00:00:08.323232,0.0007273777049839901,balanced,0.00039842036076676815,adaptive,log_loss,1549,elasticnet,COMPLETE
328,328,0.7489430490650498,2025-04-09 22:38:26.814910,2025-04-09 22:38:39.286024,0 days 00:00:12.471114,0.0012127942463611933,balanced,0.011289740700349684,adaptive,log_loss,1782,elasticnet,COMPLETE
329,329,0.7486583314624691,2025-04-09 22:38:39.298023,2025-04-09 22:38:51.732027,0 days 00:00:12.434004,0.0029643931937019226,balanced,0.014850396360056955,adaptive,log_loss,1685,elasticnet,COMPLETE
330,330,0.7489132777749538,2025-04-09 22:38:51.743982,2025-04-09 22:39:02.670569,0 days 00:00:10.926587,0.0015026918097514335,balanced,0.006352612786323971,adaptive,log_loss,2006,elasticnet,COMPLETE
331,331,0.7489819458979221,2025-04-09 22:39:02.682569,2025-04-09 22:39:15.945379,0 days 00:00:13.262810,0.0009486888799087931,balanced,0.017422141092584834,adaptive,log_loss,1487,elasticnet,COMPLETE
332,332,0.716704896645797,2025-04-09 22:39:15.962379,2025-04-09 22:39:20.390587,0 days 00:00:04.428208,0.13392532875555407,balanced,0.0074215965256526455,constant,log_loss,1743,elasticnet,COMPLETE
333,333,0.748987320805879,2025-04-09 22:39:20.402587,2025-04-09 22:39:34.628600,0 days 00:00:14.226013,0.0006055584717357635,balanced,0.0677806653437181,adaptive,log_loss,2147,elasticnet,COMPLETE
334,334,0.748818776027474,2025-04-09 22:39:34.640600,2025-04-09 22:39:47.140397,0 days 00:00:12.499797,0.0017298093787060588,balanced,0.033347841315132576,adaptive,log_loss,1842,elasticnet,COMPLETE
335,335,0.7480452858038283,2025-04-09 22:39:47.155395,2025-04-09 22:39:51.379070,0 days 00:00:04.223675,0.0011966509459296175,balanced,0.012584016120295043,invscaling,log_loss,1582,l2,COMPLETE
336,336,0.7489889873835948,2025-04-09 22:39:51.391491,2025-04-09 22:40:02.716196,0 days 00:00:11.324705,0.0007942019582167824,balanced,0.00536103320999701,adaptive,log_loss,1635,elasticnet,COMPLETE
337,337,0.7489682648200673,2025-04-09 22:40:02.728559,2025-04-09 22:40:19.032096,0 days 00:00:16.303537,0.0004905618326492548,balanced,0.02423661819701847,adaptive,log_loss,1711,elasticnet,COMPLETE
338,338,0.7478241920599341,2025-04-09 22:40:19.050096,2025-04-09 22:40:30.846105,0 days 00:00:11.796009,0.0023570413220618987,,0.010440647474209664,adaptive,log_loss,1524,elasticnet,COMPLETE
339,339,0.7489748064437531,2025-04-09 22:40:30.858693,2025-04-09 22:40:42.048963,0 days 00:00:11.190270,0.0010132764068500537,balanced,0.004191630219966506,adaptive,log_loss,1966,elasticnet,COMPLETE
340,340,0.7490079899320448,2025-04-09 22:40:42.062266,2025-04-09 22:40:56.022490,0 days 00:00:13.960224,0.0014394314854126343,balanced,0.008945946145247798,adaptive,modified_huber,1638,elasticnet,COMPLETE
341,341,0.7489822709752053,2025-04-09 22:40:56.035018,2025-04-09 22:41:08.509638,0 days 00:00:12.474620,0.0007308984521360676,balanced,0.015391080267784896,adaptive,log_loss,1399,elasticnet,COMPLETE
342,342,0.7489331920983865,2025-04-09 22:41:08.522878,2025-04-09 22:41:20.985306,0 days 00:00:12.462428,0.001260373376935143,balanced,0.012649950588665852,adaptive,log_loss,1567,elasticnet,COMPLETE
343,343,0.7488119839161558,2025-04-09 22:41:20.997306,2025-04-09 22:41:35.244662,0 days 00:00:14.247356,0.0019372637542980813,balanced,0.020521842990909058,adaptive,log_loss,1913,elasticnet,COMPLETE
344,344,0.7490016509250219,2025-04-09 22:41:35.256775,2025-04-09 22:41:46.093653,0 days 00:00:10.836878,0.0009001629623745625,balanced,0.007158097549824747,adaptive,log_loss,2062,elasticnet,COMPLETE
345,345,0.7489603828092275,2025-04-09 22:41:46.104693,2025-04-09 22:41:58.451001,0 days 00:00:12.346308,0.0010990757332494936,balanced,0.010367850400835328,adaptive,log_loss,1686,elasticnet,COMPLETE
346,346,0.748914645994067,2025-04-09 22:41:58.469453,2025-04-09 22:42:10.299549,0 days 00:00:11.830096,0.0015675544483338356,balanced,0.004854582423337486,adaptive,log_loss,1806,elasticnet,COMPLETE
347,347,0.7489723583446237,2025-04-09 22:42:10.312410,2025-04-09 22:42:26.316791,0 days 00:00:16.004381,0.0008560796774506445,balanced,0.05630598927337874,adaptive,log_loss,2276,elasticnet,COMPLETE
348,348,0.7489733558420407,2025-04-09 22:42:26.328792,2025-04-09 22:42:36.958007,0 days 00:00:10.629215,0.00036719550235829603,balanced,0.0029526424879410683,adaptive,log_loss,1460,elasticnet,COMPLETE
349,349,0.749009463912603,2025-04-09 22:42:36.969545,2025-04-09 22:42:51.795030,0 days 00:00:14.825485,0.000580334922918307,balanced,0.01462940592961756,adaptive,log_loss,1336,elasticnet,COMPLETE
350,350,0.7469793217672173,2025-04-09 22:42:51.808030,2025-04-09 22:42:57.101510,0 days 00:00:05.293480,0.0013085994719319982,balanced,,optimal,log_loss,1746,elasticnet,COMPLETE
351,351,0.7489516413474882,2025-04-09 22:42:57.112509,2025-04-09 22:43:08.896251,0 days 00:00:11.783742,0.0010596316929824328,balanced,0.008673045438671381,adaptive,log_loss,1613,elasticnet,COMPLETE
352,352,0.7487901525273746,2025-04-09 22:43:08.911823,2025-04-09 22:43:21.318483,0 days 00:00:12.406660,0.002125053333364927,balanced,0.01732451415119522,adaptive,log_loss,1675,elasticnet,COMPLETE
353,353,0.7489700104405472,2025-04-09 22:43:21.330873,2025-04-09 22:43:30.386680,0 days 00:00:09.055807,7.696625938901357e-05,balanced,0.04159064917932696,adaptive,log_loss,1536,l2,COMPLETE
354,354,0.7489672606429801,2025-04-09 22:43:30.398968,2025-04-09 22:43:40.765988,0 days 00:00:10.367020,0.0007414968261856808,balanced,0.002354825583640481,adaptive,log_loss,1860,elasticnet,COMPLETE
355,355,0.7488307359769731,2025-04-09 22:43:40.778349,2025-04-09 22:43:55.963998,0 days 00:00:15.185649,0.00162786760965872,balanced,0.09786279069049358,adaptive,log_loss,1585,elasticnet,COMPLETE
356,356,0.7166537348251529,2025-04-09 22:43:55.976758,2025-04-09 22:44:01.699550,0 days 00:00:05.722792,0.0011765153390581834,balanced,0.006060639241596204,constant,log_loss,1987,elasticnet,COMPLETE
357,357,0.7485585861738798,2025-04-09 22:44:01.712549,2025-04-09 22:44:10.715632,0 days 00:00:09.003083,0.0008776727940065218,,0.0012001650045072065,adaptive,log_loss,1769,elasticnet,COMPLETE
358,358,0.7487326505864293,2025-04-09 22:44:10.731678,2025-04-09 22:44:25.812085,0 days 00:00:15.080407,0.005828912955902084,balanced,0.3434616536341675,adaptive,modified_huber,1507,elasticnet,COMPLETE
359,359,0.7489939659644529,2025-04-09 22:44:25.825795,2025-04-09 22:44:41.386765,0 days 00:00:15.560970,0.0005964198925181374,balanced,0.13532961352368278,adaptive,log_loss,1430,elasticnet,COMPLETE
360,360,0.7488748151206448,2025-04-09 22:44:41.399258,2025-04-09 22:44:53.914319,0 days 00:00:12.515061,0.00151695202377095,balanced,0.023345040375920532,adaptive,log_loss,1659,elasticnet,COMPLETE
361,361,0.7480461519343979,2025-04-09 22:44:53.926932,2025-04-09 22:44:58.945884,0 days 00:00:05.018952,0.0009911439286051185,balanced,0.012630863830527186,invscaling,log_loss,1721,elasticnet,COMPLETE
