,number,value,datetime_start,datetime_complete,duration,params_colsample_bytree,params_gamma,params_learning_rate,params_max_depth,params_n_estimators,params_reg_alpha,params_reg_lambda,params_subsample,state
0,0,0.7275571441889419,2025-04-06 13:41:53.559412,2025-04-06 13:47:34.497349,0 days 00:05:40.937937,0.8040785720282233,0.23475353202639293,0.20794137384406222,6,861,0.0022563524050639174,3.920513426183385e-06,0.6362373253230805,COMPLETE
1,1,0.7632961273476453,2025-04-06 13:47:34.513770,2025-04-06 13:53:02.996389,0 days 00:05:28.482619,0.9643978248866373,0.31289013207855154,0.010613471195991252,7,559,0.8543315947516902,0.00830824839055759,0.6831748187126616,COMPLETE
2,2,0.7621480328694101,2025-04-06 13:53:03.008345,2025-04-06 13:55:31.737356,0 days 00:02:28.729011,0.7600697190191279,0.1900145043055505,0.07945957788161542,3,261,7.879883796427215e-08,6.0243887094384094e-05,0.8435183148794857,COMPLETE
3,3,0.7659675734964668,2025-04-06 13:55:31.748720,2025-04-06 13:58:04.202279,0 days 00:02:32.453559,0.7476979748492274,0.46649379340971997,0.11524482428935784,6,154,0.0017556732816172494,0.0008898002748440011,0.6001054507586555,COMPLETE
4,4,0.7544503703509746,2025-04-06 13:58:04.214006,2025-04-06 14:03:58.274740,0 days 00:05:54.060734,0.8614130988437416,0.4293491263825034,0.09640013647007724,7,768,3.050083032329267e-07,0.7694602818871122,0.7880249083182129,COMPLETE
5,5,0.7605199228177468,2025-04-06 14:03:58.286490,2025-04-06 14:07:42.015213,0 days 00:03:43.728723,0.615990513155925,0.3636585493266748,0.2613861645614253,3,751,0.3206843330328948,0.0001520415144336642,0.8894679556912359,COMPLETE
6,6,0.7456732386160552,2025-04-06 14:07:42.030209,2025-04-06 14:10:21.260022,0 days 00:02:39.229813,0.6979507446637454,0.16222177620162126,0.017917806239704237,5,192,0.006879411179322133,6.416727642262941e-08,0.7259016652408612,COMPLETE
7,7,0.773100876245817,2025-04-06 14:10:21.272022,2025-04-06 14:15:16.414838,0 days 00:04:55.142816,0.7473414513932662,0.07182508374714835,0.037685445891229574,5,863,1.928776670466317e-08,1.032258875186076e-08,0.849401532687797,COMPLETE
8,8,0.7608507691094732,2025-04-06 14:15:16.426771,2025-04-06 14:20:31.907050,0 days 00:05:15.480279,0.9461403234358537,0.22090304566685498,0.07094563565643723,8,517,9.957884983059229e-05,5.352420989844846e-07,0.760303750934508,COMPLETE
9,9,0.7393079804892176,2025-04-06 14:20:31.919048,2025-04-06 14:26:46.078481,0 days 00:06:14.159433,0.7823746470698055,0.3062581654560094,0.15836228149456993,9,528,4.1372410746254615e-06,6.041562993266961e-06,0.8130161479071843,COMPLETE
10,10,0.7637378016141068,2025-04-06 14:26:46.092761,2025-04-06 14:38:15.606614,0 days 00:11:29.513853,0.6346166357700445,0.01602409436470948,0.03305986657680545,10,936,1.3767163207835122e-08,1.0710148314758142e-08,0.9964348092616245,COMPLETE
11,11,0.7477030400982606,2025-04-06 14:38:15.618615,2025-04-06 14:40:28.740057,0 days 00:02:13.121442,0.7230454329822041,0.4832456979198618,0.03837897975467147,5,102,3.669086055623271e-05,0.0025730051259536283,0.9208778110611193,COMPLETE
12,12,0.766844668188162,2025-04-06 14:40:28.751498,2025-04-06 14:43:40.970764,0 days 00:03:12.219266,0.8566645716863007,0.06585200922331119,0.0367467994028959,5,358,0.006317520804006488,0.014511455851131604,0.6147984411199015,COMPLETE
13,13,0.7626604860346242,2025-04-06 14:43:40.982973,2025-04-06 14:46:34.839436,0 days 00:02:53.856463,0.8768770357096058,0.029702300711764384,0.03798213879614371,4,337,0.032766112522792816,0.21181411958192525,0.871149924606517,COMPLETE
14,14,0.7626135452089098,2025-04-06 14:46:34.851920,2025-04-06 14:49:58.875194,0 days 00:03:24.023274,0.851662639909849,0.10482834449721228,0.023006101643134165,5,395,4.844721256505107e-06,0.057429861470503316,0.9378225784958208,COMPLETE
15,15,0.7711426708086857,2025-04-06 14:49:58.888191,2025-04-06 14:53:51.286476,0 days 00:03:52.398285,0.9097785939343099,0.10620052358920251,0.0533473496197769,4,661,0.0005188200442129194,0.02594066149323795,0.707358354475192,COMPLETE
16,16,0.7711703669479053,2025-04-06 14:53:51.298551,2025-04-06 14:57:44.895512,0 days 00:03:53.596961,0.9214179961452524,0.12255506383936662,0.055734383788652635,4,670,4.123411023336144e-06,9.911009076683687e-05,0.7302269648308345,COMPLETE
17,17,0.7718316776768784,2025-04-06 14:57:44.908219,2025-04-06 15:02:43.216728,0 days 00:04:58.308509,0.9936354502035817,0.13525992559463043,0.05697671476473843,4,989,4.88560508476407e-07,4.3465239699962943e-07,0.7477491467488274,COMPLETE
18,18,0.7632151741978946,2025-04-06 15:02:43.229697,2025-04-06 15:07:19.047266,0 days 00:04:35.817569,0.9855146384223122,0.1512951289226693,0.02120290128266769,3,967,1.2898857872430832e-08,1.6266952638428335e-07,0.8173769687136342,COMPLETE
19,19,0.770020901467361,2025-04-06 15:07:19.061355,2025-04-06 15:13:51.209624,0 days 00:06:32.148269,0.6850987834767381,0.06119834516576083,0.013056706664855925,6,999,8.188481124314754e-07,1.820848349286154e-08,0.6656494299377429,COMPLETE
20,20,0.7640427914591154,2025-04-06 15:13:51.222866,2025-04-06 15:18:11.397732,0 days 00:04:20.174866,0.8115737397429513,0.2877503479775623,0.12803377503747507,4,865,1.3510046596543262e-07,1.233163786666224e-06,0.7639579531590761,COMPLETE
21,21,0.7712939380634707,2025-04-06 15:18:11.410767,2025-04-06 15:22:18.490704,0 days 00:04:07.079937,0.9394693877713332,0.11435569371581607,0.05671216033410181,4,745,3.7416682630242517e-06,3.802097249730555e-05,0.7339002201515497,COMPLETE
22,22,0.7725448476953923,2025-04-06 15:22:18.503342,2025-04-06 15:26:49.225790,0 days 00:04:30.722448,0.989016422793475,0.07058073066751602,0.05376931878125708,4,871,8.104589006784525e-07,1.869668996549203e-05,0.7623709573110995,COMPLETE
23,23,0.7727546054823126,2025-04-06 15:26:49.238790,2025-04-06 15:32:00.374569,0 days 00:05:11.135779,0.9992693018093094,0.06120880024557441,0.029121083322217554,5,873,4.52752026715342e-08,1.8783130151624855e-07,0.7924746720050442,COMPLETE
24,24,0.7728664103588148,2025-04-06 15:32:00.387526,2025-04-06 15:37:05.754468,0 days 00:05:05.366942,0.9051091148064094,0.05277758161998377,0.02861136976918773,5,859,3.443136587284478e-08,4.6009006788832586e-08,0.8446075282727838,COMPLETE
25,25,0.7732414771805656,2025-04-06 15:37:05.766471,2025-04-06 15:42:38.053128,0 days 00:05:32.286657,0.8886887702788715,0.0012988301903253952,0.02468064417313256,6,816,5.510317888143797e-08,5.0891975525925654e-08,0.8651032569027113,COMPLETE
26,26,0.7718239225797724,2025-04-06 15:42:38.064618,2025-04-06 15:49:12.520082,0 days 00:06:34.455464,0.8948769178147558,0.0037567722249265047,0.01753171500595675,7,800,1.1553034344592242e-08,3.6999823446643134e-08,0.8526492316429874,COMPLETE
27,27,0.7713602638487542,2025-04-06 15:49:12.534364,2025-04-06 15:55:30.859184,0 days 00:06:18.324820,0.8257975548094951,0.03719729071246645,0.02960374553792925,8,653,4.6191560968838515e-08,6.868881998145207e-08,0.9082730079887644,COMPLETE
28,28,0.7732314916302506,2025-04-06 15:55:30.871835,2025-04-06 16:01:25.815752,0 days 00:05:54.943917,0.8271031014745064,0.0026934178314294015,0.024409098386809495,6,918,1.8241200220717808e-07,1.0098586426761874e-08,0.8385868332925833,COMPLETE
29,29,0.7706513148251695,2025-04-06 16:01:25.828090,2025-04-06 16:07:40.609848,0 days 00:06:14.781758,0.781220746302085,0.0008005168992627071,0.014726760573239352,6,925,2.0891537024836662e-05,1.0292531290458943e-08,0.9605012442369705,COMPLETE
30,30,0.7730158785557582,2025-04-06 16:07:40.622142,2025-04-06 16:13:08.121789,0 days 00:05:27.499647,0.8148089525050111,0.2079484952124303,0.024552917755022913,6,811,1.2551985345439238e-07,3.0554649921312637e-06,0.876003582500023,COMPLETE
31,31,0.7730604714773962,2025-04-06 16:13:08.136834,2025-04-06 16:18:38.858079,0 days 00:05:30.721245,0.8244945927741189,0.2530879697054653,0.02565082952983641,6,817,1.6842144022029512e-07,1.3485152931353103e-06,0.8831907268425335,COMPLETE
32,32,0.771752274210615,2025-04-06 16:18:38.875631,2025-04-06 16:24:38.112147,0 days 00:05:59.236516,0.8373699360246601,0.2592644757118465,0.01859083081629138,7,718,2.5814587878546376e-07,1.9886591254164184e-07,0.8238281289166033,COMPLETE
33,33,0.7610401422128505,2025-04-06 16:24:38.124106,2025-04-06 16:29:37.760891,0 days 00:04:59.636785,0.7736993107628498,0.2565267051861434,0.0105223728240803,6,608,1.06073878311185e-06,1.349266944371761e-06,0.8951799968138271,COMPLETE
34,34,0.7636737291042384,2025-04-06 16:29:37.772888,2025-04-06 16:37:23.335052,0 days 00:07:45.562164,0.7970452782557819,0.1854947259096143,0.04734503290593378,8,917,8.724236526829006e-08,3.3949297716057904e-08,0.8653838196767263,COMPLETE
35,35,0.7731493751046064,2025-04-06 16:37:23.347895,2025-04-06 16:43:04.393833,0 days 00:05:41.045938,0.736185553848082,0.3430072166825012,0.025191628697225892,6,821,2.7345211444048726e-08,1.1368754136066427e-07,0.9519136219019999,COMPLETE
36,36,0.7698477588492995,2025-04-06 16:43:04.407009,2025-04-06 16:49:08.664657,0 days 00:06:04.257648,0.7222765242414414,0.39210353471725246,0.014541426087763838,7,709,3.0403672630527825e-08,1.2790807332230176e-07,0.9539990178153526,COMPLETE
37,37,0.769041827694033,2025-04-06 16:49:08.675572,2025-04-06 16:53:44.663011,0 days 00:04:35.987439,0.7542503959319944,0.3496299679993796,0.020671427032303603,7,462,1.0204461084469722e-08,0.00045907031596957197,0.8357691291751471,COMPLETE
38,38,0.7724804779401999,2025-04-06 16:53:44.675598,2025-04-06 16:58:05.171668,0 days 00:04:20.496070,0.6568371352435991,0.09075425719742047,0.04325078155692128,6,587,2.725826934398647e-08,1.8927270368075197e-08,0.9707727691069984,COMPLETE
39,39,0.7700798245081419,2025-04-06 16:58:05.184667,2025-04-06 17:02:32.384431,0 days 00:04:27.199764,0.7314677079811266,0.4340867481462825,0.07274031211493079,5,780,2.605533559973505e-07,4.719745084359852e-07,0.9299048067456408,COMPLETE
40,40,0.7717581283849089,2025-04-06 17:02:32.396448,2025-04-06 17:11:17.395447,0 days 00:08:44.998999,0.6871217326648936,0.02791366806142584,0.012673274864676294,8,918,2.038492568786564e-06,6.058386865337049e-06,0.7925197167423913,COMPLETE
41,41,0.7729823004102853,2025-04-06 17:11:17.408935,2025-04-06 17:16:49.670481,0 days 00:05:32.261546,0.8836950429339232,0.339460768459843,0.02445549058258532,6,820,1.4187178891846502e-07,8.711519794187757e-08,0.9008865979120221,COMPLETE
42,42,0.7729949032780414,2025-04-06 17:16:49.683524,2025-04-06 17:22:23.259180,0 days 00:05:33.575656,0.7911874934795061,0.28582362311898224,0.02693238758278538,6,852,7.10865764944501e-08,2.235545083907622e-08,0.8811561580858553,COMPLETE
43,43,0.7715454304298209,2025-04-06 17:22:23.273793,2025-04-06 17:28:23.742460,0 days 00:06:00.468667,0.7630313088049417,0.3962014105313127,0.03262774584755427,7,823,3.4476679197722846e-07,1.0727395646326623e-06,0.9989469507924266,COMPLETE
44,44,0.7681387952862992,2025-04-06 17:28:23.755461,2025-04-06 17:33:07.456044,0 days 00:04:43.700583,0.736185839641339,0.2441974229192067,0.018318604424591368,5,738,2.760596305750545e-08,1.0161132682679227e-08,0.8613330588926048,COMPLETE
45,45,0.7731491685914692,2025-04-06 17:33:07.468044,2025-04-06 17:38:48.099300,0 days 00:05:40.631256,0.8302761845083545,0.3232792637418986,0.034437720268727684,6,907,1.4715000262816638e-05,3.466461721083901e-07,0.9173427211308837,COMPLETE
46,46,0.772549896969427,2025-04-06 17:38:48.110883,2025-04-06 17:44:00.768180,0 days 00:05:12.657297,0.8452945103031401,0.3340638496216884,0.04311342999451037,5,957,1.599467970918833e-05,3.622544366988806e-07,0.9780359637346059,COMPLETE
47,47,0.76044791263312,2025-04-06 17:44:00.783191,2025-04-06 17:49:21.725771,0 days 00:05:20.942580,0.707896661014684,0.3784955652750236,0.09264116549327714,6,912,0.00029080829006885027,5.28325971952364e-08,0.9431617557489098,COMPLETE
48,48,0.773918153377563,2025-04-06 17:49:21.753821,2025-04-06 17:54:31.937276,0 days 00:05:10.183455,0.8820452389615568,0.3085863326581829,0.03403403054943392,5,885,0.9898923552248042,1.1509427732651694e-07,0.9211626143507777,COMPLETE
49,49,0.7734691342570739,2025-04-06 17:54:31.951275,2025-04-06 18:01:18.832592,0 days 00:06:46.881317,0.8603010534870958,0.29403069114689373,0.020497876777927523,7,889,0.3860685051220686,2.830555812761501e-06,0.916840071949447,COMPLETE
50,50,0.771826877220559,2025-04-06 22:20:35.408123,2025-04-06 22:28:25.067103,0 days 00:07:49.658980,0.8695124542777195,0.3039258578437131,0.015513353180440845,9,774,0.6742885913143027,1.168467632877567e-05,0.9333433287377486,COMPLETE
51,51,0.772098641272698,2025-04-06 22:28:25.082004,2025-04-06 22:33:37.330983,0 days 00:05:12.248979,0.8703785645375116,0.32034433171121535,0.03179504626917172,7,893,0.0911332086914969,2.866564015432757e-07,0.9143772697638438,COMPLETE
52,52,0.7733630432817915,2025-04-06 22:33:37.349503,2025-04-06 22:38:47.341733,0 days 00:05:09.992230,0.9251666981049396,0.27738540047932947,0.023127473117220486,6,967,0.1652687780975137,3.157208784365977e-06,0.9209589707280403,COMPLETE
53,53,0.7729492009745104,2025-04-06 22:38:47.353243,2025-04-06 22:44:37.737953,0 days 00:05:50.384710,0.9317301969635656,0.29259158016755643,0.021910418285169573,7,941,0.13528003399053146,3.6881852344217963e-06,0.8939393465092116,COMPLETE
54,54,0.7313877830880414,2025-04-06 22:44:37.749954,2025-04-06 22:49:28.277338,0 days 00:04:50.527384,0.9679192867233614,0.27649217694786243,0.2953181034030551,6,970,0.9153608855669308,0.0002089533844736616,0.943098578845473,COMPLETE
55,55,0.770816580998783,2025-04-06 22:49:28.289162,2025-04-06 22:53:50.223050,0 days 00:04:21.933888,0.9528160073417709,0.36154414232475274,0.0195114380005199,5,961,0.02230012170900111,0.0027812986001617005,0.9859281913233591,COMPLETE
56,56,0.772275978167008,2025-04-06 22:53:50.236388,2025-04-06 22:59:08.566153,0 days 00:05:18.329765,0.8846895177349302,0.21856194725933092,0.016378395796755787,7,838,0.28419051801900597,1.013758967230013e-07,0.8299251520378688,COMPLETE
57,57,0.771238987756543,2025-04-06 22:59:08.582185,2025-04-06 23:06:01.614160,0 days 00:06:53.031975,0.9136885401891118,0.42063569590867184,0.02367398223380534,8,988,0.03367055022399041,3.1624070260816134e-05,0.9578568019441356,COMPLETE
58,58,0.7411215415645707,2025-04-06 23:06:01.630487,2025-04-06 23:08:54.358651,0 days 00:02:52.728164,0.8560655153420663,0.2740907338500481,0.012454771435459634,5,220,0.39993675790141897,2.1176993504236896e-08,0.8068257194506828,COMPLETE
59,59,0.7723253270138309,2025-04-06 23:08:54.371270,2025-04-06 23:13:10.758645,0 days 00:04:16.387375,0.894619482823732,0.35678523741320656,0.040155248157149014,6,781,0.10161904209859697,7.978393426653008e-07,0.8554468836908583,COMPLETE
60,60,0.7730604892898503,2025-04-06 23:13:10.776611,2025-04-06 23:19:08.542768,0 days 00:05:57.766157,0.9276834423491301,0.18789672543845845,0.021328481464786626,7,887,0.0019639819096848995,3.041485233846531e-06,0.9240157633946459,COMPLETE
61,61,0.7728485862155164,2025-04-06 23:19:08.557121,2025-04-06 23:23:52.188270,0 days 00:04:43.631149,0.8361730057246392,0.3217154734479727,0.03456522685160842,6,907,0.009047071322253557,2.0788967188634945e-07,0.9155088504436393,COMPLETE
62,62,0.7733144163959897,2025-04-06 23:23:52.200777,2025-04-06 23:28:26.012485,0 days 00:04:33.811708,0.8622693153505855,0.3094164477217161,0.030638478171490156,6,943,0.00076849361439802,9.793486700804704e-08,0.9062782341115416,COMPLETE
63,63,0.7732262970733894,2025-04-06 23:28:26.026610,2025-04-06 23:33:10.726632,0 days 00:04:44.700022,0.8953668787011159,0.3034550265256182,0.02694091423170411,6,947,0.0005991812858534598,3.930129028001331e-08,0.8980783623075366,COMPLETE
64,64,0.7736822380021267,2025-04-06 23:33:10.741634,2025-04-06 23:39:24.043967,0 days 00:06:13.302333,0.896320577428544,0.3050158822599468,0.030007215716640005,5,1000,0.0005737973967489598,3.2915043223488714e-08,0.9050620790784112,COMPLETE
65,65,0.7735963268671677,2025-04-06 23:39:24.072969,2025-04-06 23:45:58.351296,0 days 00:06:34.278327,0.8653315771923427,0.2397074974674954,0.028695420376103016,5,1000,0.0002715097705850305,6.716387439998583e-08,0.8718473448158429,COMPLETE
66,66,0.7735219214641338,2025-04-06 23:45:58.365120,2025-04-06 23:52:03.499815,0 days 00:06:05.134695,0.8600109747844604,0.2332936645737269,0.030575636110121613,5,995,0.00011850322052893779,1.0632186516803109e-05,0.8711190747791253,COMPLETE
67,67,0.7717077558786275,2025-04-06 23:52:03.514300,2025-04-06 23:55:50.204372,0 days 00:03:46.690072,0.9124381677831179,0.2303653392374514,0.030980337415048947,4,989,0.00011970789065434368,7.866999570741732e-06,0.9075594133432974,COMPLETE
68,68,0.7731853267595581,2025-04-06 23:55:50.221385,2025-04-06 23:59:56.238426,0 days 00:04:06.017041,0.8709851132482681,0.2693765904379776,0.037554514562350115,5,998,0.000936232986714075,1.6303745369384713e-05,0.8876778372056403,COMPLETE
69,69,0.7728095257307241,2025-04-06 23:59:56.251123,2025-04-07 00:03:36.304685,0 days 00:03:40.053562,0.8480292083813786,0.20053543050863648,0.04870763377115967,4,969,8.582100636655055e-05,2.183092430402491e-06,0.8747403207805848,COMPLETE
70,70,0.7617362195119535,2025-04-07 00:03:36.318143,2025-04-07 00:06:55.304624,0 days 00:03:18.986481,0.8594873182656556,0.16912015918723855,0.216748400387478,3,952,0.0036896386751854005,8.21205596252947e-05,0.9267357315893241,COMPLETE
71,71,0.7728062849773971,2025-04-07 00:06:55.315539,2025-04-07 00:11:18.249071,0 days 00:04:22.933532,0.9021941988424389,0.29753789866621916,0.02879474004629033,5,877,0.00027960540205737713,6.470140675532252e-07,0.8659612046494636,COMPLETE
72,72,0.7715764185331724,2025-04-07 00:11:18.260856,2025-04-07 00:15:24.692319,0 days 00:04:06.431463,0.8783663071890602,0.23837036393531053,0.020146549699651847,5,935,5.698511233366091e-05,6.329418164104653e-08,0.8885120428454539,COMPLETE
73,73,0.7734537392871728,2025-04-07 00:15:24.706437,2025-04-07 00:19:34.471534,0 days 00:04:09.765097,0.9199165015532116,0.31562001496759906,0.027904336940907475,5,989,0.00026280576680655116,3.048373720569275e-08,0.9046616749016452,COMPLETE
74,74,0.7732306588980322,2025-04-07 00:19:34.482505,2025-04-07 00:23:41.038570,0 days 00:04:06.556065,0.9609232717594298,0.2667111841256471,0.036536353886421825,5,999,0.00020539824421842302,4.129963985572945e-05,0.9043467369785344,COMPLETE
75,75,0.7708034370777403,2025-04-07 00:23:41.050332,2025-04-07 00:27:21.456892,0 days 00:03:40.406560,0.9369768338309953,0.21596870908439808,0.02817349065580614,4,943,0.0010060312120876574,2.908108909539209e-08,0.9440769233720896,COMPLETE
76,76,0.7728733488662384,2025-04-07 00:27:21.467778,2025-04-07 00:31:20.046329,0 days 00:03:58.578551,0.9206054399225643,0.31184340240806,0.042856509550669795,5,968,3.6039881995061355e-05,1.1606135756124091e-07,0.9669872008027741,COMPLETE
77,77,0.7726392559274892,2025-04-07 00:31:20.059423,2025-04-07 00:34:47.766246,0 days 00:03:27.706823,0.9485299410235818,0.2513620352794035,0.06194378412994663,4,889,0.2172629483117054,2.651978894106528e-07,0.9339133466999628,COMPLETE
78,78,0.7726172658965408,2025-04-07 00:34:47.778023,2025-04-07 00:38:57.196399,0 days 00:04:09.418376,0.8088819770844184,0.2857403606817534,0.022129203225881633,5,974,0.5170215095636712,1.603247142202913e-08,0.877334949587522,COMPLETE
79,79,0.7729347528478607,2025-04-07 00:38:57.208761,2025-04-07 00:42:49.153119,0 days 00:03:51.944358,0.9735370222371872,0.3273294696209768,0.03082626077937299,5,855,0.0038067000258418674,1.4805918292913323e-06,0.9061950547888508,COMPLETE
80,80,0.7701095095191646,2025-04-07 00:42:49.165320,2025-04-07 00:46:29.364883,0 days 00:03:40.199563,0.9210401848366029,0.23903432110234116,0.02640387186512036,4,934,0.0005180649509974765,6.360886425817427e-07,0.6720292256054454,COMPLETE
81,81,0.7731257385349528,2025-04-07 00:46:29.378702,2025-04-07 00:50:22.855476,0 days 00:03:53.476774,0.8861528073411709,0.3776359671839991,0.03445316412485238,5,898,0.0001387598505659252,5.368601214822696e-08,0.8516431968727501,COMPLETE
82,82,0.7734523081678317,2025-04-07 00:50:22.892112,2025-04-07 00:55:08.500023,0 days 00:04:45.607911,0.865463234004125,0.3118267533409659,0.023004156816414392,6,998,7.689510817953156e-06,8.221228386502998e-08,0.9219020169493575,COMPLETE
83,83,0.7713558736355132,2025-04-07 00:55:08.512941,2025-04-07 00:59:24.145521,0 days 00:04:15.632580,0.8620049303399235,0.31302564447506576,0.0183311984578663,5,989,0.0013297994622143226,1.7717749429272322e-07,0.9199323991164368,COMPLETE
84,84,0.772287276829157,2025-04-07 00:59:24.157580,2025-04-07 01:04:08.258513,0 days 00:04:44.100933,0.9029935282524371,0.28164279482503457,0.017226201872189203,6,928,3.5601288898066216e-05,8.259506932273524e-08,0.8949658773682804,COMPLETE
85,85,0.7685663927044464,2025-04-07 01:04:08.270518,2025-04-07 01:07:08.204465,0 days 00:02:59.933947,0.8409793883181998,0.30080220674363983,0.02942670211211464,5,482,0.00039352061186983135,3.032943037675255e-08,0.9100833749556462,COMPLETE
86,86,0.7625732517683257,2025-04-07 01:07:08.216653,2025-04-07 01:10:00.504324,0 days 00:02:52.287671,0.8758038770008675,0.2650100429542936,0.022981509674025645,6,320,0.00018783140500951796,2.0315812441240157e-06,0.9498589855878311,COMPLETE
87,87,0.7720654700304684,2025-04-07 01:10:00.516323,2025-04-07 01:13:58.822369,0 days 00:03:58.306046,0.8653877200985082,0.22966373010287,0.04881845169898051,5,978,7.60588538971441e-06,5.479819903535428e-06,0.9261248423230468,COMPLETE
88,88,0.7601750620212944,2025-04-07 01:13:58.833190,2025-04-07 01:26:06.218873,0 days 00:12:07.385683,0.8214928359697788,0.3427272591109479,0.04040089739139035,10,952,6.610317459708966e-05,1.6734678117945775e-08,0.8888345784129617,COMPLETE
89,89,0.773445126965724,2025-04-07 01:26:06.232287,2025-04-07 01:30:38.815770,0 days 00:04:32.583483,0.8957325619540731,0.33139293642298334,0.026655669113960785,6,923,0.16847743582671756,0.00017443774958257542,0.937449852860681,COMPLETE
90,90,0.7727593942492093,2025-04-07 01:30:38.827772,2025-04-07 01:36:13.980592,0 days 00:05:35.152820,0.8508929125910041,0.3311033192662658,0.023309590688579844,7,1000,0.06213047507197533,0.00017025544083121638,0.940655825920158,COMPLETE
91,91,0.7731095369948747,2025-04-07 01:36:13.993520,2025-04-07 01:40:47.603387,0 days 00:04:33.609867,0.899172877161733,0.29053586447387936,0.026609875008494936,6,925,0.21233807028676976,0.0012262368872235604,0.9185615220995802,COMPLETE
92,92,0.7730003661349895,2025-04-07 01:40:47.616280,2025-04-07 01:45:36.372920,0 days 00:04:48.756640,0.9099669870884122,0.31411022416662077,0.019663166973769273,6,964,0.4377161410498865,0.0004613713469602775,0.9349613264344016,COMPLETE
93,93,0.7732491977660422,2025-04-07 01:45:36.383942,2025-04-07 01:50:08.121996,0 days 00:04:31.738054,0.879981545965424,0.3485030509035291,0.03260320238514468,6,901,0.9448247162113507,1.3718166116368526e-07,0.7746934974505192,COMPLETE
94,94,0.7727496636396405,2025-04-07 01:50:08.133016,2025-04-07 01:54:12.885138,0 days 00:04:04.752122,0.888297902436199,0.3765353981093207,0.025171903772263665,5,950,0.01225793807711243,0.0003059107613742903,0.9625147649061673,COMPLETE
95,95,0.7722169404585554,2025-04-07 01:54:12.898315,2025-04-07 01:59:17.282841,0 days 00:05:04.384526,0.856494069083675,0.2553958642190618,0.028296989962062168,7,872,0.0444590866856102,1.0647286890092764e-05,0.9026027181022164,COMPLETE
96,96,0.7731656373183556,2025-04-07 01:59:17.295892,2025-04-07 02:04:04.418468,0 days 00:04:47.122576,0.9405153792941593,0.30127988190254745,0.022023956148268332,6,977,0.11910532824289081,0.7679854464537271,0.980359867023231,COMPLETE
97,97,0.772463567798441,2025-04-07 02:04:04.432674,2025-04-07 02:07:55.951523,0 days 00:03:51.518849,0.9166847635524605,0.2779796365638189,0.031093064465541262,5,843,0.24317775159937238,5.8032181332915225e-05,0.7040854790390456,COMPLETE
98,98,0.7731453506033089,2025-04-07 02:07:55.963065,2025-04-07 02:12:26.590126,0 days 00:04:30.627061,0.9268340061082553,0.33522571811503266,0.035411629813147244,6,921,0.6054127878103435,1.963380363546659e-05,0.9130152962826793,COMPLETE
99,99,0.7726346909295445,2025-04-07 02:12:26.601283,2025-04-07 02:18:23.160970,0 days 00:05:56.559687,0.8914233746544893,0.36750944797664875,0.014074655189183343,7,1000,0.0008052937234739605,7.226925402756304e-08,0.8803829378246029,COMPLETE
100,100,0.7740311644911759,2025-04-07 10:12:19.783462,2025-04-07 10:15:25.918702,0 days 00:03:06.135240,0.8659831224312657,0.31542409175832675,0.016753524661764576,6,978,0.16319869787016447,4.593409497455088e-08,0.951855779195998,COMPLETE
101,101,0.7740357873795959,2025-04-07 10:15:25.931706,2025-04-07 10:18:29.159123,0 days 00:03:03.227417,0.8729063766717449,0.3154908241853379,0.01922437484303263,6,976,0.16277996275277531,3.253784272442761e-08,0.949774035371525,COMPLETE
102,102,0.7740755069251815,2025-04-07 10:18:29.172913,2025-04-07 10:21:37.439692,0 days 00:03:08.266779,0.875321748162453,0.3194628049339999,0.015332382057658932,6,978,0.16402152834534078,2.4838398039879054e-08,0.9486536936226928,COMPLETE
103,103,0.773112520580899,2025-04-07 10:21:37.450372,2025-04-07 10:24:13.341968,0 days 00:02:35.891596,0.8734442670160029,0.35217772069576536,0.016571935177559803,5,982,0.059256069054753134,4.289977853006786e-08,0.9912165080467552,COMPLETE
104,104,0.7726637825631973,2025-04-07 10:24:13.355478,2025-04-07 10:27:25.269073,0 days 00:03:11.913595,0.8324528948005818,0.3219242080777752,0.011059824187846401,6,960,0.01880090606427759,2.6030643571082112e-08,0.9545750658194679,COMPLETE
105,105,0.7722625954477558,2025-04-07 10:27:25.282581,2025-04-07 10:29:57.588990,0 days 00:02:32.306409,0.8474981317777269,0.34163125853515297,0.013781962899432206,5,913,0.07768501764240604,1.5416705583709522e-08,0.947698305772282,COMPLETE
106,106,0.7739951549457492,2025-04-07 10:29:57.600778,2025-04-07 10:33:01.324200,0 days 00:03:03.723422,0.8808411556933692,0.32971855544135875,0.01523356593567836,6,938,0.30792978099872614,4.3117766578428e-08,0.9777920519023119,COMPLETE
107,107,0.7741650100527924,2025-04-07 10:33:01.336412,2025-04-07 10:36:55.963667,0 days 00:03:54.627255,0.8675877896157627,0.29451677966397966,0.015457173507727776,7,980,0.37655343612859266,1.3290210533454284e-08,0.9684712610917278,COMPLETE
108,108,0.7735917084318613,2025-04-07 10:36:55.978364,2025-04-07 10:41:23.525590,0 days 00:04:27.547226,0.6038458213066754,0.29603560506246107,0.015222302836544755,8,977,0.3300262873890837,1.3023876680883874e-08,0.978921577168017,COMPLETE
109,109,0.7741802207751236,2025-04-07 10:41:23.543577,2025-04-07 10:45:08.470957,0 days 00:03:44.927380,0.840369560514464,0.2943476684979611,0.015414164944167197,7,939,0.36019031392356116,1.1114476020061164e-08,0.9716514827148878,COMPLETE
110,110,0.7731740570426469,2025-04-07 10:45:08.484469,2025-04-07 10:49:56.735800,0 days 00:04:48.251331,0.8411895263211207,0.24501505857096811,0.015663949272762216,8,941,0.3336899823406431,1.2087511647296027e-08,0.9712951341608381,COMPLETE
111,111,0.7732248737469969,2025-04-07 10:49:56.749155,2025-04-07 10:55:43.428018,0 days 00:05:46.678863,0.6104810660094189,0.29336540275644657,0.011234731135235475,9,886,0.590794039716565,1.4504801394190685e-08,0.988276695757531,COMPLETE
112,112,0.7735584119458153,2025-04-07 10:55:43.441526,2025-04-07 11:00:54.160337,0 days 00:05:10.718811,0.8540764079766076,0.2602973836170284,0.01234829461953052,8,974,0.31928106098886977,2.1982049777527634e-08,0.9684325086422829,COMPLETE
113,113,0.7731795343722135,2025-04-07 11:00:54.173343,2025-04-07 11:06:03.862166,0 days 00:05:09.688823,0.8804205975188047,0.25672931395314325,0.012023366837405233,8,976,0.1522514335140587,2.2526540626724584e-08,0.97833603961492,COMPLETE
114,114,0.7739142541200817,2025-04-07 11:06:03.876179,2025-04-07 11:10:51.744052,0 days 00:04:47.867873,0.6496507076607578,0.2848954292467627,0.010056895635307683,8,956,0.28317089542922896,4.097185989953203e-08,0.9660658483733909,COMPLETE
115,115,0.7736389960437872,2025-04-07 11:10:51.755421,2025-04-07 11:15:49.517843,0 days 00:04:57.762422,0.633738070750579,0.26728606192541027,0.0101076131246692,8,963,0.7273551197150946,4.244785981964037e-08,0.9702702433049333,COMPLETE
116,116,0.7730055222837472,2025-04-07 11:15:49.530894,2025-04-07 11:22:08.330975,0 days 00:06:18.800081,0.6468712082559491,0.27020679610990816,0.010514446458894228,9,957,0.6566193652945717,4.215479471450084e-08,0.9962803508204314,COMPLETE
117,117,0.7735887337520639,2025-04-07 11:22:08.344721,2025-04-07 11:28:30.371355,0 days 00:06:22.026634,0.6292750573314708,0.28220038713130696,0.010010210940382973,9,943,0.7373263688531334,1.0233277545022126e-08,0.9546819319808344,COMPLETE
118,118,0.773734210846061,2025-04-07 11:28:30.385355,2025-04-07 11:32:51.325602,0 days 00:04:20.940247,0.6015977156521666,0.29666126860658515,0.015342161859107355,8,931,0.43370960132842873,5.7286047993191446e-08,0.97527103869417,COMPLETE
119,119,0.7745139910924818,2025-04-07 11:32:51.337603,2025-04-07 11:37:28.602561,0 days 00:04:37.264958,0.6227025895156721,0.32474174808865164,0.013591706217609644,8,909,0.9979848988095233,6.117008376282066e-08,0.9624834192386357,COMPLETE
120,120,0.7741034769308796,2025-04-07 11:37:28.617844,2025-04-07 11:41:56.681359,0 days 00:04:28.063515,0.6221392804621322,0.30585416281179656,0.013256203768659328,8,910,0.46349933648204733,4.1306856755682814e-08,0.962430152874648,COMPLETE
121,121,0.7742662215289912,2025-04-07 11:41:56.695357,2025-04-07 11:46:19.489218,0 days 00:04:22.793861,0.628672281454839,0.30506018800944334,0.013755193063664396,8,864,0.8712673975978517,5.013993838174875e-08,0.9705244123774366,COMPLETE
122,122,0.7737730013608493,2025-04-07 11:46:19.513220,2025-04-07 11:50:32.026309,0 days 00:04:12.513089,0.6221944752929467,0.30642691561286206,0.013410973322648966,8,869,0.17216673703359836,3.0394466696696746e-08,0.9629615932784973,COMPLETE
123,123,0.7742472579452839,2025-04-07 11:50:32.038836,2025-04-07 11:54:57.207947,0 days 00:04:25.169111,0.6163648697303737,0.32823083591019725,0.013562774660957455,8,860,0.9810108169811236,5.776135131894367e-08,0.9612452278811694,COMPLETE
124,124,0.7735446735341246,2025-04-07 11:54:57.219361,2025-04-07 11:59:07.659354,0 days 00:04:10.439993,0.6218279622550161,0.3267731185904238,0.013340264282164385,8,862,0.22156168910603885,2.1201117128886856e-08,0.9608033526412941,COMPLETE
125,125,0.7735036859644788,2025-04-07 11:59:07.671353,2025-04-07 12:03:13.824988,0 days 00:04:06.153635,0.647509702340807,0.31985041252234475,0.014397473730527114,8,871,0.11508958672877227,1.4141082112847836e-07,0.9861661926206808,COMPLETE
126,126,0.7734102101030145,2025-04-07 12:03:13.837056,2025-04-07 12:07:25.682430,0 days 00:04:11.845374,0.6204411501411721,0.3602249768869922,0.017146262105479444,8,902,0.4707560504946719,3.0648269195029416e-08,0.964311920831063,COMPLETE
127,127,0.7724481227310134,2025-04-07 12:07:25.696412,2025-04-07 12:13:03.339531,0 days 00:05:37.643119,0.6694788582613268,0.33784436727601186,0.013184931949574579,9,841,0.9503312297070571,5.555328495839613e-08,0.9994605759934535,COMPLETE
128,128,0.7733245104909453,2025-04-07 12:13:03.352538,2025-04-07 12:17:09.083761,0 days 00:04:05.731223,0.6421050776901198,0.3069034453572848,0.01146238719784116,8,795,0.19690426636511307,2.461979591633648e-07,0.9586351415419867,COMPLETE
129,129,0.7736390327819733,2025-04-07 12:17:09.100405,2025-04-07 12:20:33.996390,0 days 00:03:24.895985,0.6104746995365563,0.3241898484224712,0.011878416290637869,7,830,0.9542967451667108,9.449343086350416e-08,0.9493045025524577,COMPLETE
130,130,0.7738623157877769,2025-04-07 12:20:34.009392,2025-04-07 12:24:32.471710,0 days 00:03:58.462318,0.6217246914636341,0.2894270398539654,0.013490407410129548,8,802,0.2801721817855126,3.314173882845586e-08,0.9734235010958211,COMPLETE
131,131,0.7735922066239306,2025-04-07 12:24:32.486259,2025-04-07 12:28:32.113709,0 days 00:03:59.627450,0.6318555237090215,0.2879841980515381,0.012882923939357352,8,800,0.28297158390189797,4.0168570675989416e-08,0.9803824942169407,COMPLETE
132,132,0.7567010050699365,2025-04-07 12:28:32.128888,2025-04-07 12:29:32.714017,0 days 00:01:00.585129,0.6215848431727893,0.3071623529516564,0.016180353469935606,8,100,0.0845230020496427,3.135113272328818e-08,0.9665369310372095,COMPLETE
133,133,0.7738417613292828,2025-04-07 12:29:32.725282,2025-04-07 12:33:46.344411,0 days 00:04:13.619129,0.6535578675438576,0.31687807098676074,0.014011191389286866,8,852,0.5117787497347093,2.028988175493797e-08,0.9903731914134098,COMPLETE
134,134,0.7741891420313194,2025-04-07 12:33:46.357967,2025-04-07 12:37:15.493226,0 days 00:03:29.135259,0.6757032382058661,0.34765068866765214,0.014411173156553162,7,908,0.3740140279980805,1.7544496713145643e-08,0.9901131640505165,COMPLETE
135,135,0.7746124371852164,2025-04-07 12:37:15.504885,2025-04-07 12:40:36.201104,0 days 00:03:20.696219,0.6572788486775967,0.3520495537145163,0.018373749408140936,7,903,0.3631181510834995,1.570732200197017e-08,0.9736004766137231,COMPLETE
136,136,,2025-04-07 12:40:36.214235,2025-04-07 12:43:49.575409,0 days 00:03:13.361174,0.6697254457805952,0.39366918518374405,0.018989162697500013,7,904,0.43035303111395967,1.4037462549545484e-08,0.9459868382459632,FAIL
137,137,0.7668327010023536,2025-04-07 14:16:15.961322,2025-04-07 14:19:35.935662,0 days 00:03:19.974340,0.6639026760509357,0.35001668048620527,0.017317335184557452,7,903,0.3964812766119101,1.3778789444461265e-08,0.9849432658962246,COMPLETE
138,138,0.7680185272676494,2025-04-07 14:19:35.949466,2025-04-07 14:23:07.231178,0 days 00:03:31.281712,0.666188144787297,0.4046798578725878,0.014705365874831861,7,916,0.5891029301821166,6.759741332538218e-08,0.9546615249700567,COMPLETE
139,139,0.7665347749085848,2025-04-07 14:23:07.244182,2025-04-07 14:26:23.883786,0 days 00:03:16.639604,0.6367084296657812,0.36513476580458964,0.019059102728115163,7,890,0.13099984665462935,1.7741717283916464e-08,0.9438269969642074,COMPLETE
140,140,0.7673068106340439,2025-04-07 14:26:23.895823,2025-04-07 14:29:47.542226,0 days 00:03:23.646403,0.6782608048789073,0.3398969214792822,0.01798605270829651,7,913,0.9245776622313734,1.0307958411806852e-08,0.9716287055587873,COMPLETE
141,141,0.7667172022682289,2025-04-07 14:29:47.558230,2025-04-07 14:33:15.890602,0 days 00:03:28.332372,0.6979780120427481,0.3314834830703358,0.015885212314036536,7,932,0.3749318587143596,1.1424216435148752e-07,0.9952484169828983,COMPLETE
142,142,0.7674393764821771,2025-04-07 14:33:15.903156,2025-04-07 14:36:41.562322,0 days 00:03:25.659166,0.6560202840610596,0.354283540757198,0.014994533991005586,7,887,0.2397759902867215,4.685938060834119e-08,0.6298768770427339,COMPLETE
143,143,0.7691018885053051,2025-04-07 14:36:41.574638,2025-04-07 14:40:02.567588,0 days 00:03:20.992950,0.6114107673068192,0.32787869961444654,0.012582354432737974,7,854,0.2706053766437932,2.0383733859057844e-08,0.9752578752749664,COMPLETE
144,144,0.7631620068062721,2025-04-07 14:40:02.580376,2025-04-07 14:44:12.843818,0 days 00:04:10.263442,0.6404047729579153,0.2850911695630742,0.01629818480966724,8,882,0.5354550676969417,2.6066603954787427e-08,0.9840738585683555,COMPLETE
145,145,0.7635010607427611,2025-04-07 14:44:12.856577,2025-04-07 14:48:42.297071,0 days 00:04:29.440494,0.6271860425428082,0.36949094718864023,0.013952753368770396,8,949,0.15544675668690708,7.10990921878275e-08,0.9592859914559525,COMPLETE
146,146,0.7626085488155978,2025-04-07 14:48:42.309145,2025-04-07 14:52:51.380836,0 days 00:04:09.071691,0.6290100968579121,0.3158613078872289,0.01166394443276337,9,560,0.050954210085826845,4.197936532766298e-08,0.9488782500992315,COMPLETE
147,147,0.7679085047498133,2025-04-07 14:52:51.392834,2025-04-07 14:56:15.489983,0 days 00:03:24.097149,0.646479550005905,0.2980930666224581,0.014917801419593741,7,903,0.3236825720811329,1.7320139652236248e-08,0.9746293564847979,COMPLETE
148,148,0.768356061579167,2025-04-07 14:56:15.502218,2025-04-07 14:59:10.418338,0 days 00:02:54.916120,0.611286944735888,0.34495939826381533,0.011010775067519251,7,680,0.0920905624262172,1.6227038171490858e-07,0.9370896405592509,COMPLETE
149,149,0.7610993964539456,2025-04-07 14:59:10.430982,2025-04-07 15:03:25.993211,0 days 00:04:15.562229,0.638154010656616,0.3330498794828276,0.01812131340047964,8,928,0.6974335156845928,5.3865883435094587e-08,0.9697603249443794,COMPLETE
150,150,0.7649300459291897,2025-04-07 15:03:26.006687,2025-04-07 15:08:07.100777,0 days 00:04:41.094090,0.678040416407465,0.27688798431182027,0.012762689150976971,8,944,0.9823140313178294,9.713757002914887e-08,0.9609201121739969,COMPLETE
151,151,0.7684105086842726,2025-04-07 15:08:07.112707,2025-04-07 15:10:43.750408,0 days 00:02:36.637701,0.6155074130889298,0.3893996567566963,0.016577900198911064,7,629,0.4467687389131898,2.694012693232712e-08,0.9514128626723458,COMPLETE
152,152,0.7639129180747133,2025-04-07 15:10:43.763406,2025-04-07 15:14:56.550813,0 days 00:04:12.787407,0.651294427668025,0.31650421230871134,0.01414184562857734,8,870,0.5282947357399607,2.054461649078625e-08,0.9911810916922347,COMPLETE
153,153,0.7645822098963009,2025-04-07 15:14:56.563374,2025-04-07 15:19:03.166424,0 days 00:04:06.603050,0.6610740904938808,0.3162386000931356,0.013827785752455612,8,834,0.23456453271555008,3.674937222038833e-08,0.9847687110894502,COMPLETE
154,154,0.7636716706525373,2025-04-07 15:19:03.179483,2025-04-07 15:23:11.530348,0 days 00:04:08.350865,0.6569876836706228,0.30419052395106627,0.015395854216268308,8,858,0.47047741826981837,1.3987471942293043e-08,0.9800008914843286,COMPLETE
155,155,0.7154264083255232,2025-04-07 15:23:11.543347,2025-04-07 15:27:27.614653,0 days 00:04:16.071306,0.8731606194067019,0.32214073401674603,0.15037620693107057,8,915,0.3367976927168213,2.4429521428312676e-08,0.9938860543111385,COMPLETE
156,156,0.7624946543156004,2025-04-07 15:27:27.628368,2025-04-07 15:31:20.709860,0 days 00:03:53.081492,0.6711809331551026,0.29065686521437073,0.019179578342156615,8,811,0.692815147410388,6.032340325469269e-08,0.9689835641763788,COMPLETE
157,157,0.7663459628975046,2025-04-09 11:03:59.813143,2025-04-09 11:04:59.315461,0 days 00:00:59.502318,0.6029839896348109,0.34493341743664774,0.012324780222989277,7,887,0.18137684767865953,1.584086764719359e-08,0.9882564536617595,COMPLETE
158,158,0.7635855852895137,2025-04-09 11:04:59.327752,2025-04-09 11:06:08.525755,0 days 00:01:09.198003,0.6539921527126831,0.3116902267177235,0.013213071505017394,8,757,0.2813357599151315,3.533994737169687e-08,0.9413922154440972,COMPLETE
159,159,0.7590683514398041,2025-04-09 11:06:08.544271,2025-04-09 11:07:37.005124,0 days 00:01:28.460853,0.8843759764979985,0.32733671028781836,0.017119620702672936,8,958,0.11158339772065806,1.1147609206366299e-08,0.963458736761557,COMPLETE
160,160,0.7674510146942279,2025-04-09 11:07:37.018137,2025-04-09 11:08:22.052313,0 days 00:00:45.034176,0.6425321371890125,0.2966237719076303,0.01449102101609168,6,840,0.6819683153671305,7.823088306680941e-08,0.9995169789500222,COMPLETE
161,161,0.7587364709124743,2025-04-09 11:08:22.067316,2025-04-09 11:10:10.688697,0 days 00:01:48.621381,0.6248613157100927,0.35418016115825773,0.011833875136790791,9,934,0.46034883512264896,2.1292384126679938e-08,0.9760627125385024,COMPLETE
162,162,0.7631577479598783,2025-04-09 11:10:10.701832,2025-04-09 11:11:27.550970,0 days 00:01:16.849138,0.636187298192431,0.3015813951909521,0.013410800766404598,8,872,0.12918280493300963,3.778809525165956e-08,0.9543906524896314,COMPLETE
163,163,0.7566394218504972,2025-04-09 11:11:27.562866,2025-04-09 11:11:47.304560,0 days 00:00:19.741694,0.6213499216198721,0.30719984573203557,0.01586221425513233,8,136,0.17665919431938956,2.8888506623309744e-08,0.9631146503807374,COMPLETE
164,164,0.7628413247460383,2025-04-09 11:11:47.317560,2025-04-09 11:13:03.078962,0 days 00:01:15.761402,0.6178413034950538,0.33546951235948647,0.013688220455853708,8,863,0.995948650106501,5.153727755257866e-08,0.9643012547959697,COMPLETE
165,165,0.7617028228308544,2025-04-09 11:13:03.091961,2025-04-09 11:14:20.205084,0 days 00:01:17.113123,0.6271442153681501,0.28642344185115404,0.014740184861682286,8,905,0.2094132535361737,1.6304340860896594e-08,0.9734237215052373,COMPLETE
166,166,0.7664645971801505,2025-04-09 11:14:20.219086,2025-04-09 11:15:23.918199,0 days 00:01:03.699113,0.7995174091503784,0.3208757057928176,0.010796513939365952,7,896,0.3517461127744135,2.8830286218901404e-08,0.9307892836473778,COMPLETE
167,167,0.7584245575892999,2025-04-09 11:15:23.932177,2025-04-09 11:16:38.990647,0 days 00:01:15.058470,0.8718795118078625,0.30436190417191034,0.020291025160944578,8,826,0.5833497342447312,1.0046180761487123e-08,0.9810260506033063,COMPLETE
168,168,0.7671978184553365,2025-04-09 11:16:39.003644,2025-04-09 11:17:25.057705,0 days 00:00:46.054061,0.6086188893904534,0.27860925650578766,0.01291814217246495,6,850,0.07723326471561828,1.0253506313857963e-07,0.9874929659228215,COMPLETE
169,169,0.7647334303933945,2025-04-09 11:17:25.089739,2025-04-09 11:18:26.146763,0 days 00:01:01.057024,0.616652894968064,0.3140130494682747,0.01800904274816566,7,958,0.2716559513221291,4.930382637281618e-08,0.9467911520603024,COMPLETE
170,170,0.7639587600946793,2025-04-09 11:18:26.158488,2025-04-09 11:19:09.704341,0 days 00:00:43.545853,0.6345754492519254,0.3395952971603671,0.016131418900299874,8,431,0.030167867546576917,2.7184369245212497e-08,0.9567844850642919,COMPLETE
171,171,0.7674868984391993,2025-04-09 11:19:09.717897,2025-04-09 11:19:58.621729,0 days 00:00:48.903832,0.649389638265908,0.29370500905546887,0.014246222131623772,6,923,0.16874082759753503,0.005792027330489577,0.9683658385563869,COMPLETE
172,172,0.7609059899430439,2025-04-09 11:19:58.639236,2025-04-09 11:21:16.319823,0 days 00:01:17.680587,0.6065634795717355,0.4965107451069212,0.01550119580521237,8,935,0.408063523898309,5.085912620525117e-08,0.9761186637965596,COMPLETE
173,173,0.7614757724910562,2025-04-09 11:21:16.331825,2025-04-09 11:22:33.571427,0 days 00:01:17.239602,0.60048196991698,0.2958150728985446,0.015282626593970585,8,918,0.4759838600929722,0.0482425252703859,0.9743061250687481,COMPLETE
174,174,0.7633268961351584,2025-04-09 11:22:33.585625,2025-04-09 11:23:50.673964,0 days 00:01:17.088339,0.616221398558719,0.306797296641638,0.013500916930610807,8,884,0.6469231118934329,6.109049363789273e-08,0.9597184610602694,COMPLETE
175,175,0.7269096787463826,2025-04-09 11:23:50.687964,2025-04-09 11:25:03.899472,0 days 00:01:13.211508,0.6268707044463998,0.322174432785652,0.0880596658241539,8,945,0.3591246336683926,1.7595233094945536e-08,0.9902833468477394,COMPLETE
176,176,0.7592130035945308,2025-04-09 11:25:03.911765,2025-04-09 11:26:29.294205,0 days 00:01:25.382440,0.7680985889948161,0.32918119987273886,0.01738257862780313,8,975,0.26456307112165317,7.900286155962818e-08,0.9512162345364931,COMPLETE
177,177,0.7661598121783613,2025-04-09 11:26:29.307202,2025-04-09 11:27:33.508952,0 days 00:01:04.201750,0.8815965464474983,0.2727997880780656,0.012420759969933857,7,901,0.7367164517847173,1.4659376728473158e-07,0.9663912761310332,COMPLETE
178,178,0.7620407484597181,2025-04-09 11:27:33.522087,2025-04-09 11:28:48.642290,0 days 00:01:15.120203,0.6319130698265422,0.2843337935892167,0.01431830052430722,8,875,0.15932066360760563,3.4873220714746506e-08,0.9802485550432365,COMPLETE
179,179,0.7620745320050497,2025-04-09 11:28:48.654799,2025-04-09 11:29:19.630051,0 days 00:00:30.975252,0.6011897971746306,0.3124207031620511,0.01179662137316252,3,932,0.9947087462794131,2.212405175168087e-08,0.9444507190066306,COMPLETE
180,180,0.7673095531953015,2025-04-09 11:29:19.642415,2025-04-09 11:30:11.354057,0 days 00:00:51.711642,0.8879817932652314,0.2988275557857457,0.016729046461626228,6,959,0.47689608367657355,3.858994827076552e-08,0.9573327383375861,COMPLETE
181,181,0.7638861637689924,2025-04-09 11:30:11.373472,2025-04-09 11:31:09.996160,0 days 00:00:58.622688,0.8689225438015286,0.33549934661018255,0.0186957086856599,7,860,0.22990915246283258,1.4311321718591888e-08,0.972494631126693,COMPLETE
182,182,0.7598632015788425,2025-04-09 11:31:10.009064,2025-04-09 11:32:38.874438,0 days 00:01:28.865374,0.8610360666973953,0.30618452258298134,0.015447376467733687,8,982,0.3896259857261105,3.0000238179088805e-08,0.9377872291185381,COMPLETE
183,183,0.7672292457470039,2025-04-09 11:32:38.886441,2025-04-09 11:33:32.680600,0 days 00:00:53.794159,0.9001383925526514,0.3177538641294458,0.013104940429343204,6,982,0.6047553920219397,6.368495475046735e-08,0.9661591859254234,COMPLETE
184,184,0.7602791730310008,2025-04-09 11:33:32.692933,2025-04-09 11:35:00.846167,0 days 00:01:28.153234,0.9061444892018058,0.45398687823973094,0.014298270909171507,8,965,0.13586780205122476,2.4156389770136424e-08,0.9812505432799933,COMPLETE
185,185,0.7598936452890726,2025-04-09 11:35:00.858013,2025-04-09 11:36:26.856350,0 days 00:01:25.998337,0.8920888172475356,0.29103695399191304,0.01630048363216377,8,941,0.29494998710435594,4.151146890958304e-08,0.9488644308704693,COMPLETE
186,186,0.7645613080949565,2025-04-09 11:36:26.877851,2025-04-09 11:37:29.468958,0 days 00:01:02.591107,0.8772536908531356,0.32477813178312637,0.01533068467244187,7,914,0.48797788826961136,9.691934677477661e-08,0.9922447370993085,COMPLETE
187,187,0.7678739842142026,2025-04-09 11:37:29.482010,2025-04-09 11:38:20.974816,0 days 00:00:51.492806,0.6439567334885058,0.30477656734202485,0.01347455367902731,6,986,0.09018846983331957,1.8186963483042774e-08,0.957726912738526,COMPLETE
188,188,0.7634913178871303,2025-04-09 11:38:20.988821,2025-04-09 11:39:43.939822,0 days 00:01:22.951001,0.6140018203929745,0.34481128913416265,0.01131207949283667,8,959,0.7107394590032612,1.0088487638107695e-08,0.9729980806837454,COMPLETE
189,189,0.7663420831223949,2025-04-09 11:39:43.951281,2025-04-09 11:40:43.317560,0 days 00:00:59.366279,0.6201644536255754,0.29693332380758447,0.012239776027008613,7,896,0.22106287004262767,5.39467131868336e-08,0.9849677438181017,COMPLETE
190,190,0.7538396096961826,2025-04-09 11:40:43.329666,2025-04-09 11:42:34.355448,0 days 00:01:51.025782,0.8554619817215547,0.358732634015948,0.014793715583545577,9,924,0.3520804698716752,3.191692706848083e-08,0.9995960972762004,COMPLETE
191,191,0.7588683543209684,2025-04-09 11:42:34.368606,2025-04-09 11:43:50.294117,0 days 00:01:15.925511,0.8196381223628371,0.3118206321623259,0.02000223414416904,8,848,0.7377696227990298,7.435084188249016e-08,0.9303357925910035,COMPLETE
192,192,0.7669258011323691,2025-04-09 11:43:50.306710,2025-04-09 11:44:34.640522,0 days 00:00:44.333812,0.6112080914626684,0.3254781882101513,0.010503269401338104,6,791,0.9067035801006312,1.2800926973217114e-07,0.9478062532395299,COMPLETE
193,193,0.7664977227779671,2025-04-09 11:44:34.653659,2025-04-09 11:45:30.998775,0 days 00:00:56.345116,0.6052928776872412,0.3311563181875088,0.011899187771508033,7,828,0.9815854716142898,4.082335876985563e-08,0.9648508767528579,COMPLETE
194,194,0.7669399008028897,2025-04-09 11:45:31.010771,2025-04-09 11:46:26.395572,0 days 00:00:55.384801,0.6249829448186475,0.3177891101211112,0.012674977668683128,7,814,0.5191043769018545,8.443611800671884e-08,0.9512620384631896,COMPLETE
195,195,0.765378292434492,2025-04-09 11:46:26.408143,2025-04-09 11:47:33.710579,0 days 00:01:07.302436,0.7819982311036457,0.2829750614095276,0.013782628989924108,7,1000,0.3658193900356104,2.074530132189235e-07,0.9419847371595866,COMPLETE
196,196,0.7598516095678438,2025-04-09 11:47:33.722578,2025-04-09 11:47:59.602556,0 days 00:00:25.879978,0.6381181110228331,0.30188707683902805,0.011311824742564036,7,284,0.1820078590841246,2.1082185754348732e-08,0.961853674540194,COMPLETE
197,197,0.7606789730015968,2025-04-09 22:45:29.386245,2025-04-09 22:46:43.452253,0 days 00:01:14.066008,0.6101284070869281,0.32346280599616234,0.017182489740173522,8,875,0.5874809323577688,1.3591237885403403e-08,0.9775430278788074,COMPLETE
198,198,0.736272001915195,2025-04-09 22:46:43.466220,2025-04-09 22:47:56.727351,0 days 00:01:13.261131,0.6879865611690015,0.3387439188760535,0.05995146975751972,8,848,0.26109915170518083,5.4367704717492856e-08,0.6003347540576751,COMPLETE
199,199,0.7657074248341721,2025-04-09 22:47:56.740024,2025-04-09 22:48:59.485440,0 days 00:01:02.745416,0.6188162318608194,0.34988559905756306,0.014185521086401155,7,949,0.004027647358309639,3.1966266346261426e-08,0.9695042580391234,COMPLETE
200,200,0.7532926682804305,2025-04-09 22:48:59.497391,2025-04-09 22:49:45.267180,0 days 00:00:45.769789,0.8892751690094635,0.29036405455109665,0.06794815843199696,6,887,0.976414236083222,9.35779067419708e-08,0.9551663235841129,COMPLETE
201,201,0.7629816390116074,2025-04-09 22:49:45.279180,2025-04-09 22:51:05.089283,0 days 00:01:19.810103,0.8759119850982651,0.3113764649497513,0.012986238599884183,8,834,0.4495120433767391,2.375501888077413e-08,0.7397510220800909,COMPLETE
202,202,0.7634742229411625,2025-04-09 22:51:05.108365,2025-04-09 22:52:29.839882,0 days 00:01:24.731517,0.6582433804638751,0.26182418850088174,0.010558083794905016,8,963,0.6605749625615918,4.500896985517642e-08,0.9701868167903904,COMPLETE
203,203,0.7638801826809645,2025-04-09 22:52:29.853618,2025-04-09 22:53:57.021971,0 days 00:01:27.168353,0.6329213314788971,0.2678788379129151,0.010138918667608401,8,975,0.6672697035458393,3.6436722390320566e-08,0.9840474572624247,COMPLETE
204,204,0.7633530231085194,2025-04-09 22:53:57.035017,2025-04-09 22:55:18.415287,0 days 00:01:21.380270,0.6309380813627523,0.2752823732801952,0.01197781129568204,8,930,0.31288342641148603,6.304442233180331e-08,0.9635287066623447,COMPLETE
205,205,0.7637029059036862,2025-04-09 22:55:18.433287,2025-04-09 22:56:39.363236,0 days 00:01:20.929949,0.6425184482848066,0.2890846973476162,0.010013790129267217,8,906,0.4384247116233207,1.5602684895779077e-08,0.9740175693863934,COMPLETE
206,206,0.7635756826784372,2025-04-09 22:56:39.375591,2025-04-09 22:58:02.832385,0 days 00:01:23.456794,0.6244121103113187,0.29899231560677786,0.011162282281779654,8,949,0.1258381118306909,2.229008510332298e-08,0.9554168153811282,COMPLETE
207,207,0.7483961788991133,2025-04-09 22:58:02.846385,2025-04-09 23:00:36.735040,0 days 00:02:33.888655,0.650500852269875,0.31533521759911326,0.015226005596383969,10,970,0.7704464962941003,4.46508869286993e-08,0.9906832171015838,COMPLETE
208,208,0.7598988415158513,2025-04-09 23:00:36.747003,2025-04-09 23:01:55.560073,0 days 00:01:18.813070,0.8661670881057136,0.28205804628293685,0.015963526251653527,8,865,0.21826342390554862,2.923872198703559e-08,0.9784295790529609,COMPLETE
209,209,0.7663062455784758,2025-04-09 23:01:55.572618,2025-04-09 23:02:56.751347,0 days 00:01:01.178729,0.6000050338003362,0.3289603502251142,0.013193039706696153,7,934,0.4773461933562015,7.594767387368734e-08,0.9680268661593764,COMPLETE
210,210,0.7679328170794358,2025-04-09 23:02:56.763478,2025-04-09 23:03:47.963818,0 days 00:00:51.200340,0.6150867487570932,0.30676500504312965,0.014426367752296082,6,985,0.3122252560066276,5.066409240686854e-08,0.9356480207860924,COMPLETE
211,211,0.7634228284453399,2025-04-09 23:03:47.975953,2025-04-09 23:05:09.382455,0 days 00:01:21.406502,0.6383830470752089,0.2727665148963845,0.01225215828684459,8,907,0.9781434002770438,1.320556085013468e-07,0.9458382601779787,COMPLETE
212,212,0.7681720238623647,2025-04-09 23:05:09.396451,2025-04-09 23:05:53.369762,0 days 00:00:43.973311,0.8810656031980231,0.3205099428939029,0.01653261991270485,5,995,0.5830732925757256,6.856186266072183e-08,0.9599303132516472,COMPLETE
213,213,0.7675337090113449,2025-04-09 23:05:53.381761,2025-04-09 23:06:37.447999,0 days 00:00:44.066238,0.8669898555576896,0.24269127455292652,0.013599293784208086,5,1000,2.660528402550909e-06,3.5080178385561375e-08,0.9724043798262811,COMPLETE
214,214,0.7685635343622386,2025-04-09 23:06:37.463814,2025-04-09 23:07:19.731039,0 days 00:00:42.267225,0.8703951096774828,0.29739591049560804,0.018073409567613146,5,962,0.0003709206574382461,1.6868819493357416e-08,0.814686743582427,COMPLETE
215,215,0.7674205270095026,2025-04-09 23:07:19.743009,2025-04-09 23:08:02.754935,0 days 00:00:43.011926,0.8531648702926399,0.25471745018544484,0.01463253126312266,5,978,0.17714519211838867,1.0193942860983232e-07,0.9819157641137223,COMPLETE
216,216,0.7607899791008705,2025-04-09 23:08:02.766937,2025-04-09 23:09:28.327006,0 days 00:01:25.560069,0.8451282045637546,0.3073823891622903,0.01523696723752403,8,947,0.36749425254336443,2.2191065886666013e-08,0.9544117311515672,COMPLETE
217,217,0.7664727886823763,2025-04-09 23:09:28.342009,2025-04-09 23:10:28.500228,0 days 00:01:00.158219,0.6305232956132262,0.3286805116822591,0.011007351497142045,7,880,0.2556637207747892,3.9992516219453396e-08,0.9637661851830365,COMPLETE
218,218,0.7625680694575264,2025-04-09 23:10:28.512890,2025-04-09 23:11:56.469795,0 days 00:01:27.956905,0.7512021983858472,0.3384879823852895,0.012707031775488077,8,967,0.6967868593315302,1.337563149188461e-08,0.8412753089196698,COMPLETE
219,219,0.7641175375253296,2025-04-09 23:11:56.483189,2025-04-09 23:12:59.848932,0 days 00:01:03.365743,0.8935136745040481,0.2910822352568417,0.016148425789374827,7,922,0.49412195907634743,6.19597927762304e-08,0.9886918493619478,COMPLETE
220,220,0.7611021390152033,2025-04-09 23:12:59.861574,2025-04-09 23:14:32.286208,0 days 00:01:32.424634,0.8777603038362329,0.31783196156624677,0.013677609396377468,8,1000,0.10998788379233339,2.2345447881515476e-08,0.9276786890890627,COMPLETE
221,221,0.7675101976855077,2025-04-09 23:14:32.300208,2025-04-09 23:15:20.618342,0 days 00:00:48.318134,0.6209772875096906,0.22265619896291763,0.011638829230239798,6,897,0.0001553734140853878,3.204469859212727e-08,0.976360340476065,COMPLETE
222,222,0.7631226897108163,2025-04-09 23:15:20.631340,2025-04-09 23:16:34.268699,0 days 00:01:13.637359,0.6322149160701985,0.28899662252991065,0.012918937994146508,8,840,0.2884904561303823,4.750028461399055e-08,0.981381898539445,COMPLETE
223,223,0.7624206658353148,2025-04-09 23:16:34.280701,2025-04-09 23:17:43.447406,0 days 00:01:09.166705,0.7158856674361898,0.26525738726393366,0.014616751707355203,8,760,0.37249379555144424,4.00653911110655e-08,0.9696477724649158,COMPLETE
224,224,0.7638851523555956,2025-04-09 23:17:43.460817,2025-04-09 23:18:53.117136,0 days 00:01:09.656319,0.6081688114206676,0.2797346307002811,0.012409932022725145,8,779,0.18231557868629894,7.066375897195147e-08,0.9637054489362945,COMPLETE
225,225,0.7635309138588171,2025-04-09 23:18:53.129136,2025-04-09 23:20:05.715643,0 days 00:01:12.586507,0.6507727678477392,0.2998398669557153,0.013861659058233727,8,814,0.9837373585804642,2.8255833205638584e-08,0.9501514174450425,COMPLETE
226,226,0.7622534352820225,2025-04-09 23:20:05.728643,2025-04-09 23:21:14.652229,0 days 00:01:08.923586,0.6240649409905807,0.30900348480077017,0.01533550083186226,8,793,0.5814740770379152,1.719607904982945e-08,0.976438267529293,COMPLETE
227,227,0.76730501992579,2025-04-09 23:21:14.665229,2025-04-09 23:21:51.053819,0 days 00:00:36.388590,0.8625350602599073,0.290997825324078,0.01706322449521664,5,802,0.2574046960093685,1.213906874206853e-07,0.9852260912817127,COMPLETE
228,228,0.7627152654533224,2025-04-09 23:21:51.066345,2025-04-09 23:23:06.884929,0 days 00:01:15.818584,0.6647200740769811,0.31322196703650407,0.013427201299252439,8,858,0.062400513511328984,4.233001273991201e-08,0.9584778934845237,COMPLETE
229,229,0.7664604780501917,2025-04-09 23:23:06.897928,2025-04-09 23:24:11.564089,0 days 00:01:04.666161,0.6398627462004978,0.3017138071758019,0.010862242146539382,7,976,0.39931992516175996,5.756371382045491e-08,0.9943299013511925,COMPLETE
230,230,0.7408204927249818,2025-04-09 23:24:11.579092,2025-04-09 23:25:27.739124,0 days 00:01:16.160032,0.613012217384117,0.2826958375638812,0.05182634275634315,8,951,0.7395498974510172,2.657650898812573e-08,0.9682240523926955,COMPLETE
231,231,0.7671921034408384,2025-04-09 23:25:27.751600,2025-04-09 23:26:19.366901,0 days 00:00:51.615301,0.8833964208723623,0.32245056695641877,0.011820530287251567,6,937,0.1736118770342956,8.673395320614655e-08,0.9803936374719144,COMPLETE
232,232,0.760641684299326,2025-04-09 23:26:19.379617,2025-04-09 23:27:40.928859,0 days 00:01:21.549242,0.6082193383505418,0.30047478079765355,0.015091688274939537,8,981,0.31308731900627407,1.017760263365564e-08,0.9755150453881686,COMPLETE
233,233,0.7607882017519572,2025-04-09 23:27:40.941860,2025-04-09 23:29:00.652389,0 days 00:01:19.710529,0.6030037251703335,0.29408943688899647,0.015691275958632053,8,961,0.4777082630830904,1.3773631890547809e-08,0.9845215344738912,COMPLETE
234,234,0.763293643623608,2025-04-09 23:29:00.664460,2025-04-09 23:30:06.360757,0 days 00:01:05.696297,0.625552675383793,0.30920429211192463,0.014200580911823489,8,738,0.2701743680196908,1.748036225249761e-08,0.9689945642720089,COMPLETE
235,235,0.7505694591406467,2025-04-09 23:30:06.373758,2025-04-09 23:31:25.686479,0 days 00:01:19.312721,0.6169345129887256,0.3354132383653806,0.033416209629996654,8,979,0.7422361295869816,2.915645597484236e-08,0.9415418063852563,COMPLETE
236,236,0.7601889295732757,2025-04-09 23:31:25.699645,2025-04-09 23:32:41.986688,0 days 00:01:16.287043,0.6001994156994819,0.2749563541489726,0.01814044031672993,8,917,0.3972520786421379,1.3035828088480072e-08,0.9581252493366287,COMPLETE
237,237,0.7638199008839364,2025-04-09 23:32:41.999957,2025-04-09 23:33:32.739679,0 days 00:00:50.739722,0.6296746133590547,0.31676022189956315,0.013011638146641575,8,515,0.134059624825872,4.707021592732611e-08,0.9772995100628356,COMPLETE
238,238,0.765441557260905,2025-04-09 23:33:32.753679,2025-04-09 23:34:26.882659,0 days 00:00:54.128980,0.6161162177316243,0.2866057171841118,0.016637838481108065,7,831,0.5519463380532288,2.113401319943012e-08,0.9918314080196501,COMPLETE
239,239,0.7613729523276168,2025-04-09 23:34:26.894661,2025-04-09 23:35:48.830355,0 days 00:01:21.935694,0.873733742484699,0.3268019812979438,0.014348082145231351,8,876,0.19194756340040386,3.5591941624140406e-08,0.9503589256514919,COMPLETE
240,240,0.7682238876050193,2025-04-09 23:35:48.842675,2025-04-09 23:36:29.715943,0 days 00:00:40.873268,0.6723342103143685,0.34776705183997303,0.02111591313424317,5,963,0.29803232562142595,2.4442517913505887e-08,0.9643001256859951,COMPLETE
241,241,0.7611862594419085,2025-04-09 23:36:29.728125,2025-04-09 23:37:54.165934,0 days 00:01:24.437809,0.6395082396783396,0.2963614548892515,0.015470046016791947,8,983,0.6790542943110953,5.2417025923264506e-08,0.7998435917565563,COMPLETE
242,242,0.7601101139179901,2025-04-09 23:37:54.178411,2025-04-09 23:39:47.782578,0 days 00:01:53.604167,0.6322586026114414,0.2791758772148535,0.010126102709070436,9,945,0.7680222241576014,1.28734806584747e-08,0.9575616903368697,COMPLETE
243,243,0.7596426266226672,2025-04-09 23:39:47.796535,2025-04-09 23:41:38.525339,0 days 00:01:50.728804,0.6222127937096461,0.2669541779265035,0.010462375217234523,9,933,0.4619606581608002,1.3783010258190919e-08,0.9704680402487522,COMPLETE
244,244,0.7540564034023836,2025-04-09 23:41:38.536380,2025-04-09 23:44:16.988876,0 days 00:02:38.452496,0.6076217035700974,0.3058451498544187,0.010235200614394405,10,954,0.001574424181852112,1.9081966678971275e-08,0.9513650747948753,COMPLETE
245,245,0.759699860820165,2025-04-09 23:44:17.001401,2025-04-09 23:46:05.311673,0 days 00:01:48.310272,0.6318509374218446,0.2851819488179136,0.011637205301092234,9,912,0.9161027733146743,1.164824980897448e-08,0.9630138595064934,COMPLETE
246,246,0.7665515720525894,2025-04-09 23:46:05.325675,2025-04-09 23:47:11.085365,0 days 00:01:05.759690,0.6468803736615393,0.29563324534293484,0.012811866502607345,7,999,0.9946767040239517,1.0023020928621251e-08,0.9405999058795618,COMPLETE
247,247,0.7669928126971268,2025-04-09 23:47:11.105085,2025-04-09 23:48:00.016098,0 days 00:00:48.911013,0.6162727398533341,0.3133126377263859,0.010070433251876927,6,892,0.35984193987498087,3.222655480474067e-08,0.9754556428491679,COMPLETE
248,248,0.7563244742871328,2025-04-09 23:48:00.033097,2025-04-09 23:49:47.290487,0 days 00:01:47.257390,0.6571005465574936,0.2510225331070858,0.01363791626212543,9,936,0.5085190184148044,2.0015577127340226e-08,0.9833657717701094,COMPLETE
249,249,0.7648052958518334,2025-04-09 23:49:47.302827,2025-04-09 23:50:53.832573,0 days 00:01:06.529746,0.883549366231574,0.30275660504234264,0.014798526390353424,7,969,0.23312110906997296,7.738251132900968e-08,0.9602736673553512,COMPLETE
250,250,0.7555069683766822,2025-04-09 23:50:53.844572,2025-04-09 23:51:52.758405,0 days 00:00:58.913833,0.8965784154273031,0.3226947232524062,0.03944408757524017,7,864,0.6114598723528931,4.1611933316780314e-08,0.9518505895858413,COMPLETE
251,251,0.7631574852261839,2025-04-09 23:51:52.771729,2025-04-09 23:53:17.035504,0 days 00:01:24.263775,0.625593074159102,0.2828751615283128,0.012323470252129473,8,985,0.35525251632061766,2.9823592759541186e-08,0.9704197159414306,COMPLETE
252,252,0.758280536106768,2025-04-09 23:53:17.048504,2025-04-09 23:54:04.113158,0 days 00:00:47.064654,0.8635776905190139,0.08161310709282754,0.04504078166425787,6,925,0.687361927265757,5.939588017979046e-08,0.98831831360423,COMPLETE
253,253,0.7684038095316978,2025-04-09 23:54:04.126350,2025-04-09 23:54:43.421786,0 days 00:00:39.295436,0.6103949749282762,0.3369845193218648,0.0173218690774552,5,906,0.2452815369435565,1.719796217694906e-08,0.8281617995682262,COMPLETE
254,254,0.760939347102761,2025-04-09 23:54:43.434228,2025-04-09 23:56:03.578315,0 days 00:01:20.144087,0.633385711661844,0.29277542424570907,0.015993815642778467,8,950,0.1323388017753851,2.3993485670932767e-08,0.9461143087025926,COMPLETE
255,255,0.7641086207222474,2025-04-09 23:56:03.591678,2025-04-09 23:57:20.313061,0 days 00:01:16.721383,0.6207701213033142,0.3108970963723934,0.010905285435415413,8,853,0.9972551282968471,1.7563613236281592e-07,0.9786612135491902,COMPLETE
256,256,0.7642273017625847,2025-04-09 23:57:20.326033,2025-04-09 23:58:14.185801,0 days 00:00:53.859768,0.6436993454604271,0.2732143164475851,0.019177192179424592,7,819,5.683185685325184e-07,1.0388860163375051e-07,0.9667060760546448,COMPLETE
257,257,0.7537946816777559,2025-04-09 23:58:14.199421,2025-04-10 00:00:12.919178,0 days 00:01:58.719757,0.8710573214583319,0.1302525823631339,0.01393705411110893,9,970,0.4814661664590334,4.293813780997786e-08,0.9991749169710308,COMPLETE
258,258,0.7673830139816407,2025-04-10 00:00:12.932324,2025-04-10 00:01:02.406055,0 days 00:00:49.473731,0.8881886298417551,0.36958289467611416,0.013222246288299525,6,887,0.32860381110782905,1.0726644828135857e-08,0.9330494344390718,COMPLETE
259,259,0.761040707758261,2025-04-10 00:01:02.420056,2025-04-10 00:02:22.735207,0 days 00:01:20.315151,0.6137948981100351,0.32987228565577387,0.014834685877696747,8,945,0.1948214682516385,6.85606503860256e-08,0.7126081614618975,COMPLETE
260,260,0.7667998459311802,2025-04-10 00:02:22.748208,2025-04-10 00:03:27.918625,0 days 00:01:05.170417,0.6375629773449076,0.262703217805354,0.011477054270659402,7,983,0.6160996775286008,3.168009470494504e-08,0.9587208860089066,COMPLETE
261,261,0.713045599637,2025-04-10 00:03:27.931627,2025-04-10 00:04:40.174130,0 days 00:01:12.242503,0.8086627166663474,0.30296163857046876,0.22717725411265544,8,922,8.379550852100558e-05,1.671728290433779e-08,0.9741922230280845,COMPLETE
262,262,0.7669349149857221,2025-04-10 00:04:40.188129,2025-04-10 00:05:22.227477,0 days 00:00:42.039348,0.8522743668331336,0.319392250697317,0.02947965356352015,5,999,0.45743552907181395,2.4681538023099324e-08,0.9843208031785388,COMPLETE
263,263,0.7597941510447551,2025-04-10 00:05:22.243258,2025-04-10 00:06:50.591058,0 days 00:01:28.347800,0.907424624604439,0.359359917412507,0.01635727474287495,8,968,0.2758133244517487,5.385773341953268e-08,0.9546360550544276,COMPLETE
264,264,0.7673725803367832,2025-04-10 00:06:50.603800,2025-04-10 00:07:39.079807,0 days 00:00:48.476007,0.8382911994496324,0.29150858697610094,0.012409641293458309,6,875,0.000527352684386412,3.735081843409603e-08,0.9662568124267182,COMPLETE
265,265,0.7661743744160437,2025-04-10 00:07:39.092395,2025-04-10 00:08:38.571675,0 days 00:00:59.479280,0.6271678390386384,0.3464886808900028,0.014210437439850615,7,899,0.7219749413135664,9.935787925725764e-08,0.9430898608082451,COMPLETE
266,266,0.7605112347933689,2025-04-10 00:08:38.584672,2025-04-10 00:10:06.883261,0 days 00:01:28.298589,0.8773116874929892,0.30992823391391017,0.0154754475762558,8,951,0.38126169545294564,1.716917255648358e-08,0.7785854687209824,COMPLETE
267,267,0.7627077680801584,2025-04-10 00:10:06.896423,2025-04-10 00:11:27.312484,0 days 00:01:20.416061,0.6068191522825778,0.23177407448769144,0.013137979193413698,8,935,0.1520787574817996,1.0459357632611057e-08,0.9220851728802999,COMPLETE
268,268,0.760676418027744,2025-04-10 00:11:27.325749,2025-04-10 00:12:39.132166,0 days 00:01:11.806417,0.6519415630952854,0.321981740578194,0.01747487774290634,8,843,0.10246411824599418,2.5755948110450726e-08,0.9755777947049743,COMPLETE
269,269,0.767158417307364,2025-04-10 00:12:39.145437,2025-04-10 00:13:32.863360,0 days 00:00:53.717923,0.8613874860592883,0.282452259668701,0.010023608996915066,6,962,0.5907382718069845,6.780276278314268e-08,0.9639149076522839,COMPLETE
270,270,0.7669579548381709,2025-04-10 00:13:32.876139,2025-04-10 00:14:13.577863,0 days 00:00:40.701724,0.6292762154773719,0.2996434854094424,0.011853883225298052,5,917,0.0002476169978611363,0.15564939215013165,0.9901835283619282,COMPLETE
271,271,0.7666394770691041,2025-04-10 00:14:13.595239,2025-04-10 00:15:01.960072,0 days 00:00:48.364833,0.6182697127662931,0.3308435401658586,0.014474366009918204,7,697,0.243136993277579,4.403508637138613e-08,0.9517766856304386,COMPLETE
272,272,0.7618909640917184,2025-04-10 00:15:01.975072,2025-04-10 00:15:44.505863,0 days 00:00:42.530791,0.644669949665077,0.3080710338824096,0.0110971750162252,8,388,0.0023864950961511155,1.5237688098680513e-08,0.9737711421996444,COMPLETE
273,273,0.7616094616370621,2025-04-10 00:15:44.519606,2025-04-10 00:17:07.346815,0 days 00:01:22.827209,0.621716513078406,0.2740630720653822,0.01361469971603297,8,983,0.41782796041819464,3.338307056659204e-08,0.9803237975161007,COMPLETE
274,274,0.7657932630493981,2025-04-10 00:17:07.359553,2025-04-10 00:18:04.643611,0 days 00:00:57.284058,0.6604877752483129,0.340417837557217,0.015510485451946514,7,864,1.242667290675027e-06,2.157913409347396e-08,0.9594408450306529,COMPLETE
275,275,0.754097562416898,2025-04-10 00:18:04.657032,2025-04-10 00:19:47.560186,0 days 00:01:42.903154,0.8700440673344699,0.2923218977085059,0.018819198214416587,9,808,0.9994449038977721,5.6256962208472205e-08,0.9676928023477037,COMPLETE
276,276,0.7656212348229822,2025-04-10 00:19:47.571523,2025-04-10 00:20:22.272915,0 days 00:00:34.701392,0.792611415941201,0.3153460806314905,0.012497954570257456,4,901,0.07333410550590966,3.412879452492168e-08,0.8948729917119699,COMPLETE
277,277,0.7450621384113612,2025-04-10 00:20:22.285069,2025-04-10 00:23:01.231405,0 days 00:02:38.946336,0.887436251843026,0.3011217521396997,0.01662137941284599,10,935,0.19682375364987287,1.419472606964564e-07,0.9928181770811592,COMPLETE
278,278,0.7677097734284812,2025-04-10 00:23:01.244405,2025-04-10 00:23:36.778602,0 days 00:00:35.534197,0.6006967619900282,0.24629512048163252,0.024446650802855307,6,644,0.6562078728641183,7.307089246821158e-08,0.8618056252968256,COMPLETE
279,279,0.7613510630483605,2025-04-10 00:23:36.792430,2025-04-10 00:24:59.862663,0 days 00:01:23.070233,0.8978945673748847,0.2841911118933513,0.01435742863878186,8,883,0.32338585148332233,1.4480778609682701e-08,0.9383368544874715,COMPLETE
280,280,0.7676538462197866,2025-04-10 00:24:59.874776,2025-04-10 00:25:41.533295,0 days 00:00:41.658519,0.6105988670641892,0.32275871948582785,0.013252373374027075,5,958,0.013950487282816454,3.3996239368159887e-07,0.9823537921602535,COMPLETE
281,281,0.7468396776952252,2025-04-10 00:25:41.546083,2025-04-10 00:27:07.876972,0 days 00:01:26.330889,0.8773104477842989,0.25987146779330733,0.03671039212741432,8,987,0.548298262276255,2.373291564915702e-08,0.9482291799413138,COMPLETE
282,282,0.7659556174434422,2025-04-10 00:27:07.888971,2025-04-10 00:28:03.078787,0 days 00:00:55.189816,0.6294626130130603,0.3535980964764831,0.015663153577186496,7,831,0.392548833501868,4.670322159474035e-08,0.9564123925536269,COMPLETE
283,283,0.7504560956744303,2025-04-10 00:28:03.091758,2025-04-10 00:29:16.683966,0 days 00:01:13.592208,0.6362209467168557,0.33268156010069777,0.032210037743366095,8,919,0.22673915169330072,1.0105459777696697e-08,0.9717198517324067,COMPLETE
284,284,0.7659458968533788,2025-04-10 00:29:16.696646,2025-04-10 00:30:19.573895,0 days 00:01:02.877249,0.6194463032183548,0.3129623787675569,0.014825764736445484,7,972,2.360206319452031e-05,9.349447793834044e-08,0.9628897891368086,COMPLETE
285,285,0.7672437640101907,2025-04-10 00:30:19.585892,2025-04-10 00:31:06.201329,0 days 00:00:46.615437,0.614091694633464,0.29842660505342855,0.010848233283606795,6,852,0.7511510789804166,1.8654471714389858e-08,0.9844537675372267,COMPLETE
286,286,0.761242831238778,2025-04-10 00:31:06.215202,2025-04-10 00:32:34.405062,0 days 00:01:28.189860,0.8550129039086433,0.2910193933325155,0.012441190404070178,8,944,0.16491311233423492,3.054833784182643e-08,0.6520879263708286,COMPLETE
287,287,0.7598317431153809,2025-04-10 00:32:34.418064,2025-04-10 00:33:57.363380,0 days 00:01:22.945316,0.6378811405394939,0.3069674580191574,0.017107161208461553,8,1000,0.5230201379541666,5.4769300551668133e-08,0.9699044488471995,COMPLETE
288,288,0.7618232511615892,2025-04-10 00:33:57.376721,2025-04-10 00:35:20.264123,0 days 00:01:22.887402,0.8653458271357762,0.27010236734394627,0.013677275367379012,8,888,0.28401314496862273,3.903882919262657e-08,0.9554918338954626,COMPLETE
289,289,0.7665692264209367,2025-04-10 00:35:20.279125,2025-04-10 00:35:54.968638,0 days 00:00:34.689513,0.7432958620809906,0.32023943397840504,0.014939317801202888,4,910,0.9751064741675072,2.359066521740912e-08,0.931114906671757,COMPLETE
290,290,0.7657709401482179,2025-04-10 00:35:54.984636,2025-04-10 00:36:31.013957,0 days 00:00:36.029321,0.6823429138695022,0.27999199102207845,0.011484162761285218,6,604,0.103839315195358,8.528802399252715e-08,0.9783280224785267,COMPLETE
291,291,0.7592626474601212,2025-04-10 00:36:31.032531,2025-04-10 00:37:33.800917,0 days 00:01:02.768386,0.8277487977363067,0.3413515707109453,0.027831859478203786,7,958,0.045463398903688106,1.7588840824508453e-08,0.9444813460497271,COMPLETE
292,292,0.7607187610138021,2025-04-10 00:37:33.813959,2025-04-10 00:38:48.675210,0 days 00:01:14.861251,0.652660483654985,0.30350393770247247,0.018187636837997515,8,873,0.4500076436022846,1.3667831758709293e-08,0.9097832571784088,COMPLETE
293,293,0.7654764429518202,2025-04-10 00:38:48.688690,2025-04-10 00:39:49.322189,0 days 00:01:00.633499,0.6068804222962152,0.2897486865169633,0.01622701966090803,7,935,0.31769682771094254,4.444971697298163e-08,0.8847796734052362,COMPLETE
294,294,0.7679099753905363,2025-04-10 00:39:49.335247,2025-04-10 00:40:33.184938,0 days 00:00:43.849691,0.8816095463399798,0.32667107560463043,0.013615803967137347,5,981,0.6981917594204023,2.8384689027617078e-08,0.964211408121023,COMPLETE
295,295,0.7589189311138304,2025-04-10 00:40:33.203939,2025-04-10 00:42:06.393951,0 days 00:01:33.190012,0.625500694130961,0.3153755235832082,0.012646992742847845,9,786,0.13821780584372653,5.895960682054753e-08,0.98864603137317,COMPLETE
296,296,0.7629623186221837,2025-04-10 00:42:06.408116,2025-04-10 00:43:38.244456,0 days 00:01:31.836340,0.845319230075094,0.29780777131152275,0.010628210170595995,8,968,0.9989742753897924,1.1926929755154005e-07,0.9704131958895958,COMPLETE
